category,name,funder,home,status,next_date,fit,ai,amount,duration,countries,eligibility,deadline,status_note,what,mechanisms,how,url
National & domestic,Yervant Terzian Armenian National Science and Education Fund (ANSEF) grants,ANSEF under the Fund for Armenian Relief (FAR) - diaspora philanthropy,Armenia,Next cycle expected,,High,,Small (not stated in sources reviewed),~1 year,Armenia,Researchers/faculty at scientific institutions and universities in Armenia.,"2025 competition ran 25 Sep-30 Nov 2025 (results 2026); historically RFP ~June, due Aug-Nov",Expected - 2026 competition likely announced autumn 2026; check ansef.org,Small peer-reviewed research grants for scientists and faculty in Armenia across sciences incl. biomedical.,Annual ANSEF grant competition,ansef.org - electronic submission,http://ansef.org/
National & domestic,"HESC 2026 internationalisation calls (Remote Laboratories, Integration Grant, PostDoc-Armenia, Professional Training) and bilateral calls",Higher Education and Science Committee (HESC),Armenia,Next cycle expected,,Medium,,Not stated in sources reviewed,Up to 5 years (Remote Labs),Armenia,Armenian host organisations; diaspora involvement encouraged.,Launched 13 Mar 2026,Closed/Uncertain - 2026 windows likely closed; bilateral calls recur,"Remote labs led by foreign/diaspora PIs (5 yrs); new units led by incoming researchers (3-5 members); foreign postdocs; researcher training; bilateral joint projects (e.g., Armenia-Moldova 2026).",Remote Laboratories-2026; Incoming Research Fellowship (Integration Grant)-2026; PostDoc-Armenia 2026; Professional Training-2026; bilateral calls,grants.hesc.am; follow hesc.am calls page,https://www.hesc.am/en/2026/03/19/15307/
National & domestic,FAST ADVANCE Research Grants,Foundation for Armenian Science and Technology (FAST),Armenia,Check status,,Medium,yes,Up to USD 125k per year,3-4 years,Armenia,PI is a distinguished scientist abroad; local researchers join as team members.,Per FAST programme calls,Uncertain - check fast.foundation programmes,Internationally connected STEM research teams in Armenia led by distinguished PIs from abroad; biomedical topics included.,ADVANCE Research Grants,fast.foundation/en/program/847,https://fast.foundation/en/program/847
National & domestic,HESC Young Researchers Support Program,"Higher Education and Science Committee (HESC), Ministry of Education, Science, Culture and Sports",Armenia,Check status,,Medium,,Not stated in sources reviewed,Not stated,Armenia,"Must reside in Armenia throughout project; affiliated with Armenian scientific organisation/university (e.g., YSMU, Institute of Molecular Biology).",Annual (2025 edition announced mid-2024),Uncertain - verify 2026/2027 edition on grants.hesc.am,Research projects led by young researchers at Armenian institutions (all fields incl. medical sciences).,Young Researchers Support Program (annual); part of ~20 HESC grant programmes incl. thematic funding,grants.hesc.am portal,https://www.hesc.am/en/service/research-grants/
National & domestic,ISTC Open Call for Joint Research Proposals (OCP 2026),International Science and Technology Center (announced via HESC),Armenia,Check status,,Low,,Not stated,Not stated,Armenia,Armenian research institutions with partners from ISTC member countries.,Announced 30 Apr 2026,Uncertain,Joint research projects involving Armenian scientists and international partners.,OCP 2026,See HESC announcement and ISTC site,https://www.hesc.am/en/2026/04/30/16336/
National & domestic,University of Botswana Staff Internal Funding Rounds,University of Botswana Office of Research and Development (ORD),Botswana,Check status,,High,,"BWP 50,000 (~USD 3.7k) early-career; BWP 100,000 (~USD 7.4k) senior; up to BWP 250,000 (~USD 18.5k) multidisciplinary","Not stated (short, seed-type)",Botswana,Full-time UB academic staff; no external collaborators; no equipment or professional staff costs; RAs allowed.,Annual rounds (Round 46 ran 21 Jun-19 Jul 2024); 2026 round timing not confirmed,Uncertain - check UB funding page,"Seed funding for data collection, analysis and dissemination in line with national priorities (incl. Faculty of Medicine/School of Nursing research).",Early Career Researcher; Senior Researcher; Multi-disciplinary Collaborative Project; separate Postgraduate internal rounds,Submit online via UB Converis RMS; enquiries researchfunding@ub.ac.bw,https://www.ub.bw/research/funding-opportunities
National & domestic,Botswana-Harvard (BHP) and Botswana-UPenn (BUP) partnerships - mentored research,BHP; Botswana-UPenn Partnership (with MoH and UB),Botswana,Rolling,,Medium,,N/A,N/A,Botswana,Local clinicians/nurses via MoH or UB links.,N/A,Rolling (partnership-based),"Not open grant schemes; provide mentorship, training and co-investigator roles for Batswana early-career investigators.","Mentored research, training programmes; ~5% of BUP grant activity on local investigator support",Contact BHP training office or BUP research team about mentored projects,https://bhp.org.bw/training
National & domestic,Botswana National Research Fund / National Research and Innovation Council (NRIC),Government of Botswana (Ministry of Communications and Innovation; SGCI-supported),Botswana,Next cycle expected,,Medium,,Not stated,Not stated,Botswana,Expected to cover researchers at public institutions; details pending.,Not yet announced,Expected - NRIC Bill 2026 approved 8 Jun 2026 and before Parliament; first calls pending,Solution-oriented national research; NRIC Bill creates a National Research and Development Fund and a National Innovation Commercialisation and Enterprise Development Fund.,National Research Fund (operational since ~2025); NRIC funds (legislation 2026),Monitor rims.gov.bw research portal and ministry announcements,https://www.rims.gov.bw/
National & domestic,BIUST funding opportunities (research office),Botswana International University of Science & Technology,Botswana,Check status,,Medium,yes,Not stated,Not stated,Botswana,BIUST staff; clinicians can partner for health-tech projects.,Not stated,Uncertain,"Institutional research funding and curated external opportunities; strengths in engineering, data science and biosciences relevant to health tech/AI.",Institutional research grants (details not verified),See BIUST funding opportunities page; contact research office,https://www.biust.ac.bw/funding-opportunities/
National & domestic,FONDOCYT - Fondo Nacional de Innovacion y Desarrollo Cientifico y Tecnologico,"Ministerio de Educacion Superior, Ciencia y Tecnologia (MESCyT)",Dominican Republic,Check status,,Medium,,Per convocatoria (not stated),Per convocatoria,Dominican Republic,PI needs Master's or PhD and must be linked to a university or research centre; companies only in consortium with HEIs. Hospital clinicians apply via a university affiliation.,Per convocatoria; response time per call,Uncertain - no 2026 call confirmed; contact MESCyT (ext. 4298),"Competitive incentive fund for scientific and technological research, incl. health sciences, through universities and research centres.",FONDOCYT convocatorias (periodic),"Prepare institutional letter, PI linkage letter and tax/social-security certificates; contact crodriguez@mescyt.gob.do",https://mescyt.gob.do/programas/fondocyt/
National & domestic,"University internal research funds (INTEC, PUCMM, UNIBE, UNPHU) and MISPAS/PAHO context",Dominican universities; Ministerio de Salud Publica y Asistencia Social; PAHO country office,Dominican Republic,Check status,,Medium,,Not verified,Not verified,Dominican Republic,Faculty appointment usually required; hospital clinicians often hold adjunct posts.,Not verified,Uncertain,"Private universities run internal research funds/offices for faculty; MISPAS and PAHO commission studies rather than run open competitive grants. CONABIOS is the national bioethics regulator, not a funder.",Internal university calls (names/amounts not verified),Ask your university's research vice-rectorate for internal call calendars,https://mescyt.gob.do/
National & domestic,MESCyT Student Scientific & Technological Research Congress awards,MESCyT,Dominican Republic,Next cycle expected,,Low,,RD$1 million total prizes (~USD 16k),One-off,Dominican Republic,"Student teams with faculty supervisors; 494 proposals, 353 selected in 2026.",Annual (2026 congress held mid-Sep 2026),Closed for 2026 - annual,"Prizes for university student research (incl. health), presented at annual congress.",XI Congreso Estudiantil de Investigacion Cientifica y Tecnologica (Sep 2026),Via university research offices when MESCyT opens the call,https://mescyt.gob.do/noticias/mescyt-inaugura-xi-congreso-de-investigacion-con-353-estudios-universitarios-y-rd1-millon-en-premios/
National & domestic,"ICMR Extramural Grants: Small (ANVESHAN) and Intermediate (NISCHAYAK ANVESHAN), incl. Follow-on","Indian Council of Medical Research (ICMR), Dept of Health Research, MoHFW",India,Next cycle expected,,High,,Small: INR 10 lakh to <2 crore (~USD 11k-230k); Intermediate: INR 2-<8 crore (~USD 230k-910k); CAR: INR 8-<15 crore,Small up to 3 yrs; Intermediate up to 4 yrs,India,"Scientists/faculty at Indian medical colleges, universities, research institutes and hospitals with institutional endorsement; clinicians at government medical colleges are core applicants. Small tier is the realistic entry point.","2026 cycle: Small opened 29 Dec 2025, closed 16 Mar 2026 (Follow-on extended to 19 Mar); Intermediate closed 20 Mar 2026; CAR-2026 closed 31 Aug 2026","Closed for 2026 - next annual call expected ~Dec 2026-Jan 2027 (pattern: opens late Dec, closes March)","Investigator-initiated biomedical, clinical, public-health and implementation research (discovery, development, delivery and descriptive research types).",ICMR SMALL Extramural Grants (ANVESHAN); ICMR Intermediate Extramural Grants (NISCHAYAK ANVESHAN); Follow-on versions of both; Centre for Advanced Research (CAR),Register on ICMR e-PMS (epms.icmr.org.in); prepare proposal now and get institutional head endorsement before the Dec/Jan call opens,https://www.icmr.gov.in/post/call-for-investigator-initiated-research-proposals-for-icmr-small-extramural-grants-icmr-anveshan-extramural-grants-2026-last-date-march-16-2026-5-00-pm-ist
National & domestic,ICMR-NMC Joint Call: Research for Strengthening and Enhancing Quality of Medical Education,ICMR and National Medical Commission (NMC),India,Next cycle expected,,High,,Not stated in sources reviewed,Not stated,India,Aimed at faculty of NMC-recognised medical colleges; good for clinician-educators without a big lab.,"2026 call closed 21 Aug 2026, 5 PM",Closed - watch for a 2027 repeat,"Research by medical-college faculty on medical education quality, curriculum, assessment and training.",Joint ICMR-NMC call for proposals (2026),Monitor ICMR call page; submission via ICMR e-PMS,https://www.icmr.gov.in/post/call-for-proposals-research-for-strengthening-and-enhancing-quality-of-medical-education-a-joint-initiative-of-icmr-and-nmc-2026-last-date-august-21-2026-5-00-pm
National & domestic,India Alliance Clinical & Public Health (CPH) Research Fellowships,DBT/Wellcome Trust India Alliance,India,Next cycle expected,,High,,Varies by scheme (salary + research expenses); not stated in sources reviewed,Typically 3-5 years (verify per scheme),India,Early Career: final-year MD/MS/MPH/PhD or up to 4 yrs post-qualification experience; Intermediate: 4-7 yrs. Must be based at an Indian host institution. Nurses/allied health with research degrees can be eligible.,2026 CPH round: applications 20 Feb - 23 Mar 2026,Closed - next CPH round expected ~Feb-Mar 2027,Personal fellowships (salary + research costs) for clinicians and public-health researchers to lead their own research.,CPH Early Career Fellowship; CPH Intermediate Fellowship; CPH Senior Fellowship,Register on India Alliance IASys portal; contact potential host/mentor now,https://www.indiaalliance.org/
National & domestic,Prime Minister Early Career Research Grant (PMECRG),"Anusandhan National Research Foundation (ANRF, successor to SERB)",India,Next cycle expected,,High,,Up to INR 60 lakh + overheads (~USD 68k),3 years,India,PhD in science/engineering OR MD/MS/MDS/MVSc; joined current institution on/after 1 Feb 2023; regular position in recognised academic/R&D institution; age <=42 (+3 yrs for SC/ST/OBC/PwD/women). Young medical-college faculty qualify.,Per ANRF call schedule (notified on anrfonline.in); ARG 2026 pre-proposals closed 10 Jun 2026,Expected - check anrfonline.in for the next PMECRG window,"Start-up research grants for researchers newly appointed to regular academic/research posts, across all sciences including medicine.","PMECRG (up to ~700 awards/yr); related ANRF Advanced Research Grant (ARG, subsumes old SERB Core Research Grant)",Create account on anrfonline.in; prepare 3-year plan and institutional endorsement,https://anrfonline.in/ANRF/ecrg_anrf?HomePage=New
National & domestic,"ICMR calls closing 30 Sep 2026 (Intramural, Intramural Ignition Grants, VRDL labs, SARANSH-3 EoI)",ICMR,India,Open now,2026-09-30,Medium,,Not stated in sources reviewed,Varies,India,Intramural/Ignition: ICMR institute staff only. VRDL: medical colleges/hospitals (institutional application). SARANSH-3: institutions hosting systematic-review capacity building.,"30 Sep 2026, 17:00 IST",Open - closes 30 Sep 2026 (days after the conference); mention as 'next cycle' for most attendees,Intramural and Ignition grants for ICMR-institute scientists; VRDL call funds setting up Viral Research and Diagnostic Laboratories in medical colleges/hospitals; SARANSH-3 funds regional systematic-review workshops.,ICMR Intramural Research Program 2026; Intramural Ignition-Grant 2026; VRDL call; SARANSH-3 EoI,Read call documents on ICMR call-for-proposals page; institutional submission,https://www.icmr.gov.in/post/call-for-proposals-under-icmr-intramural-research-program-2026-last-date-of-submission-september-30-2026-till-17-00-hrs
National & domestic,"Corporate Social Responsibility (CSR) funds under Companies Act 2013, Schedule VII",Indian companies meeting CSR thresholds (via their CSR foundations),India,Rolling,,Medium,,Varies widely (companies spend 2% of average net profit),"Usually 1 year, renewable",India,Implementing agencies need CSR-1 registration; public medical colleges and ICMR/DBT institutes can receive research funds under item (ix). Individual clinicians apply via their institution or a registered NGO partner.,Rolling; most companies fix budgets April-June for the financial year,Rolling,"Schedule VII permits CSR spend on healthcare/preventive health (item i) and on contributions to research in science, technology, engineering and medicine at publicly funded universities, national labs and autonomous bodies under ICMR/DBT/DST etc. (item ix).",Direct CSR grants; CSR foundations; company-run calls,Ensure your institution/NGO partner has CSR-1 registration; target companies with a health footprint near your district; pitch a 2-page concept before budget season,https://www.mca.gov.in/
National & domestic,Biotechnology Ignition Grant (BIG),BIRAC (Dept of Biotechnology),India,Next cycle expected,,Medium,yes,Up to INR 50 lakh (~USD 57k),Up to 18 months,India,"Indian startups (company/LLP incorporated on/after 1 Nov 2020) or individual innovators; clinicians can apply as innovators and later incorporate. Milestone-based, with mentoring by BIG Partners.","Calls announced 1 Jan and 1 Jul each year, open ~45 days",Expected - next call 1 Jan 2027,"Proof-of-concept funding for early-stage biotech/medtech/health-tech innovations with commercial potential (devices, diagnostics, digital health).","BIG (biannual calls); also SBIRI, and Grand Challenges India calls hosted by BIRAC (check site)",Online at birac.nic.in; approach a BIG Partner incubator near you for pre-submission mentoring,https://birac.nic.in/big.php
National & domestic,DHR Grant-in-Aid Scheme for Inter-Sectoral Convergence & Coordination for Health Research,"Department of Health Research (DHR), MoHFW",India,Check status,,Medium,,Varies - not stated in sources reviewed,Varies,India,"Researchers at medical colleges, research institutes, NGOs with collaborative design; emphasis on implementation research.",Per DHR notifications,Uncertain - check schemes.dhr.gov.in for open windows,"Collaborative and implementation research that translates health leads into deliverables, involving government agencies, NGOs and industry (NCDs, mental health, RCH, infectious disease, health services).",GIA scheme via DHR e-PMS,Register on DHR e-PMS (schemes.dhr.gov.in); queries to gia.dhr.pmiu@gmail.com,https://dhr.gov.in/schemes/grant-aid-scheme-inter-sectoral-convergence-coordination-promotion-and-guidance-health
National & domestic,IndiaAI Mission health-AI challenges (IndiaAI Innovation Challenge; IndiaAI-NCG CATCH),"IndiaAI Mission (MeitY) with Ministry of AYUSH, National Cancer Grid",India,Check status,,Medium,yes,Innovation Challenge: work contract up to INR 1 crore (~USD 114k) over 2 years; CATCH: not stated,Up to 2 years (Innovation Challenge),India,Mainly startups/companies; CATCH explicitly pairs AI teams with clinical institutions - hospital clinicians can join as clinical partners.,Innovation Challenge 2026 closed 22 Feb 2026; CATCH timeline not confirmed,"Uncertain - challenge-based, periodic; monitor indiaai.gov.in",Deployment-ready AI solutions for public-health delivery; CATCH supports joint proposals from AI innovators and clinical institutions to develop/validate AI across the cancer care continuum.,IndiaAI Innovation Challenge 2026 (AYUSH public health + MSME); Cancer AI & Technology Challenge (CATCH) with NCG,"Watch indiaai.gov.in announcements; for CATCH, partner via your NCG member hospital",https://www.indiaai.gov.in/article/indiaai-innovation-challenge-2026
National & domestic,NHF Institutional Grants (incl. Research in Public Health),"National Health Fund (NHF), Government of Jamaica",Jamaica,Rolling,,High,,No fixed cap - subject to annual funds and NHF discretion,Project-dependent; monthly progress reports required,Jamaica,"Institutions only: MOHW, Regional Health Authorities, other government institutions, NGOs. Clinicians/nurses apply via their RHA/facility with head-of-organisation endorsement.",Rolling; decision within 40 working days of a complete application,Rolling,"Mainly public-sector health projects: infrastructure, equipment, service-delivery improvement, public-health research, training, health promotion and illness prevention.",Institutional Grant (Project Proposal + Grant Request Form); separate protocol for research requests,"Download Grant Request Form + proposal template from nhf.org.jm; get RHA Regional Director endorsement; submit to NHF Head Office, 25 Dominica Drive, Kingston 5",https://www.nhf.org.jm/institutional-grants/
National & domestic,CHASE Fund - Health allocation,"Culture, Health, Arts, Sports and Education (CHASE) Fund (lottery proceeds)",Jamaica,Rolling,,Medium,,Not stated,Project-based,Jamaica,Organisations/institutions; not a research grant but can fund programme components with evaluation.,Rolling (not verified),Rolling (active organisation in 2026),"Health facilities upgrades/equipment, training of health personnel, cancer prevention/detection/care, mental-health services, drug-abuse prevention programmes.",Project applications via 'Apply to CHASE',chase.org.jm/how-to-apply-to-chase,https://chase.org.jm/health/
National & domestic,"NHF Sponsorship for Healthcare Activities (research & publications, conferences)",National Health Fund,Jamaica,Rolling,,Medium,,Not stated,Event/activity-based,Jamaica,"Organisations/groups; include background, goals, budget breakdown, contact.",Rolling; allow >=6 weeks for review,Rolling,"Sponsorship of research and publications, conferences (local and international), educational programmes and health fairs.",Sponsorship request letter,Letter to the NHF CEO (address on NHF site) with budget and objectives,https://www.nhf.org.jm/supporting-health-initiatives-in-your-community/
National & domestic,UWI Mona Office for Research and Innovation (MORI) - funding support and internal opportunities,"The University of the West Indies, Mona",Jamaica,Rolling,,Medium,,Not verified,Not verified,Jamaica,UWI staff (incl. UHWI consultants with UWI appointments).,Quarterly notifications,Rolling (support office); internal grants Uncertain,"Grant support, quarterly funding-opportunity notifications, compliance; university internal research/publication funds (specific 2026 schemes not verified). SUNY-UWI Health Research Consortium offers collaboration.",MORI funding database; quarterly Funding Opportunity Notifications; SUNY-UWI Health Research Consortium,Contact MORI grant support; subscribe to funding notifications,https://www.mona.uwi.edu/mori/
National & domestic,PCHRD Regional Research Fund (RRF) via Regional Health Research & Development Consortia,"DOST-PCHRD through RHRDCs (e.g., RHRDC XI Davao, Metro Manila HRDC, Region 1)",Philippines,Rolling,,High,,"Generally <= PHP 500,000 (~USD 8.8k); RHRDC XI 2026 up to PHP 1,000,000 (~USD 17.5k)",6-12 months,Philippines,"Researchers from consortium member institutions (universities, DOH hospitals, CHDs); early-career Filipino health researchers prioritised.",Region-specific calls; typically annual,Rolling/region-specific - contact your RHRDC,"Small projects addressing regional health research priorities (2023-2028), aimed at early-career researchers outside elite centres.",Regional Research Fund; Regional Research Fund Initiative (RHRDC XI),Find your regional consortium site (regionX.healthresearch.ph); confirm your institution is a member,https://www.pchrd.dost.gov.ph/what-we-do/research-and-development-rd-grant/
National & domestic,DOH Centers for Health Development regional research grants,"Department of Health - regional Centers for Health Development (e.g., Caraga, Northern Mindanao)",Philippines,Next cycle expected,,High,,"Caraga 2026: up to PHP 1,150,000 (~USD 20k), 2 projects",~1 year,Philippines,Researchers in the region incl. hospital and LGU health staff.,Caraga and Northern Mindanao 2026 calls closed early 2026 (N. Mindanao 26 Feb 2026),Closed - annual; expect early-2027 calls,"Operational and health-systems research on regional priorities (infectious disease, NCDs, Indigenous Peoples' health, health-system strengthening).",DOH CHD Call for Research Proposals,Watch your CHD's research unit announcements; align with regional research agenda,https://www2.fundsforngos.org/individuals/doh-caraga-call-for-research-proposals-2026-philippines/
National & domestic,DOST Balik Scientist Program (health track via PCHRD),Department of Science and Technology,Philippines,Rolling,,Medium,,Allowances/benefits per BSP rules (not stated here),Short-term to long-term (multi-year),Philippines,Filipino experts based abroad; local institutions act as hosts - local clinicians can invite diaspora collaborators.,Rolling; processing up to ~1 month if complete,Rolling,"Brings Filipino scientists/clinicians abroad back short-, medium- or long-term to host institutions; BSP R&D grants for approved Balik Scientists.",Short/medium/long-term engagements; BSP R&D Grant,bsp.dost.gov.ph - host institution and returning scientist co-apply,https://bsp.dost.gov.ph/
National & domestic,DOST-PCHRD Call for Proposals for Health R&D (Grants-in-Aid),DOST Philippine Council for Health Research and Development (PCHRD),Philippines,Next cycle expected,,Medium,yes,Varies by project (not capped in sources reviewed),Typically 1-3 years,Philippines,"Researchers at universities, hospitals, research institutions (public or private) registered in DOST DPMIS.",2026 CFP closed 31 May 2026 (for 2028 funding); POLISEE closed 20 Mar 2026,Closed - next CFP expected ~early-mid 2027,"Health R&D in priority areas of the National Unified Health Research Agenda (NUHRA 2023-2028) and DOST HNRDA, incl. diagnostics, digital health, drug discovery, health systems.",Annual CFP (2026 call for 2028 funding); POLISEE policy-translation grants; Undergraduate Thesis Grant in Natural Products,Download CFP kit (tinyurl.com/2026PCHRDCFP); register on DOST DPMIS,https://www.pchrd.dost.gov.ph/calls_and_events/2026-call-for-proposals-for-health-rd-for-2028-funding/
National & domestic,NRCP Basic Research Grants,National Research Council of the Philippines (DOST-NRCP),Philippines,Check status,,Medium,,Not stated in sources reviewed,Varies,Philippines,Regular and Associate NRCP members only - membership required first.,2026 DOST call for basic research concept proposals (see NRCP site),Uncertain - check BRIS for current window,Basic and policy research aligned with the National Integrated Basic Research Agenda (incl. health).,Concept-proposal call via BRIS; thesis/dissertation manuscript grants,Apply for NRCP membership; submit concept on basicresearch.nrcp.dost.gov.ph,https://nrcp.dost.gov.ph/basic-research-grants/
National & domestic,UP System Enhanced Creative Work and Research Grant (ECWRG),University of the Philippines System (OVPAA),Philippines,Check status,,Medium,,"PHP 450,000-650,000 by rank (~USD 7.9k-11.4k)",18 months,Philippines,UP faculty (Instructor 4+) and REPS (University Researcher 1+); publication required before full release.,Per UP OVPAA announcements (2026 guidelines posted May 2026),Uncertain - check CU research office,Faculty/researcher projects leading to publications or other outputs (incl. UP Manila/PGH clinicians with faculty appointments).,ECWRG,Submit via your CU Office of the Vice Chancellor for Research,https://ovpaa.up.edu.ph/research-innovation/enhanced-creative-work-and-research-grant/
National & domestic,HSRI health-systems research grants,Health Systems Research Institute (HSRI / สวรส.),Thailand,Next cycle expected,,High,,Varies by framework; max per call listed in HSRI announcements (not captured here),Typically 1-2 years,Thailand,"Researchers at universities, MoPH hospitals and provincial health offices can apply; service-based staff commonly funded.",FY2570 call announced ~Mar-Apr 2026; screening results already published,Closed for FY2570 - FY2571 call expected ~Q1-Q2 2027,"Health-systems, policy, service-delivery and health-financing research aligned to annual HSRI research frameworks and programmes.",Annual call for research proposals (FY2570 = Oct 2026-Sep 2027); programme-specific calls,Read HSRI research framework; submit through NRIIS (nriis.go.th) when call opens,https://www.hsri.or.th/
National & domestic,NHSO Local Health Security Funds (tambon/municipal health funds),National Health Security Office (NHSO) with local administrative organisations,Thailand,Rolling,,Medium,,Small; varies by locality (not verified),Fiscal year,Thailand,Sub-district health promoting hospitals and community groups propose to the local fund committee.,"Rolling, per local committee",Rolling (not independently verified for 2026),"Local health-promotion and prevention projects proposed by health facilities, community groups and local agencies; small operational/evaluation studies can be embedded.",Local health security fund project proposals,Contact your local fund committee via the sub-district administrative organisation,https://www.nhso.go.th/
National & domestic,NRCT research and innovation calls (via NRIIS),National Research Council of Thailand (NRCT / วช.) within the TSRI-coordinated STI fund,Thailand,Next cycle expected,,Medium,,Varies by programme,1-3 years,Thailand,"Researchers registered on NRIIS through their host agency (universities, MoPH units). Fundamental Fund is allocated to institutions, which run internal competitions.","FY2570 calls largely closed mid-2026 (e.g., NRCT-JSPS deadline 3 Sep 2026)",Closed for most FY2570 calls - FY2571 expected mid-2027; ask your research office about Fundamental Fund internal rounds,"Strategic research programmes, bilateral calls (NRCT-JSPS, NRCT-NRF Korea) and Hub of Talents/Knowledge; health falls under several programmes.",Annual FY calls; bilateral joint calls; Fundamental Fund routed via institutions,Get NRIIS account via your institution's research office; watch nrct.go.th grant news,https://www.nrct.go.th/news/listgroup/299
National & domestic,PMU-B human-resource and frontier research grants,Program Management Unit for Human Resources & Institutional Development (PMU-B / บพค.),Thailand,Next cycle expected,,Medium,,Varies by programme,Varies,Thailand,University/research-institute based; submission through NRIIS.,FY2570 call closed 14 Aug 2026,Closed - FY2571 expected mid-2027,"Researcher capacity-building, frontier research and Research Institutions Empowerment Program.",FY2570 calls (4 missions); Research Institutions Empowerment Program,Via NRIIS through host institution,https://pmu-hr.or.th/funding-2570/
National & domestic,ThaiHealth Open Grant (health-promotion projects),Thai Health Promotion Foundation (ThaiHealth / สสส.),Thailand,Check status,,Medium,,Varies - not stated in sources reviewed,Typically ~1 year,Thailand,"Community groups, NGOs, public agencies including health facilities.",Annual announcements on ThaiHealth grant page,Uncertain - check announcements page,"Community and organisational health-promotion projects (tobacco, alcohol, NCD risk, wellbeing); evaluation components possible.",Open Grant general call; thematic/partnership grants,Read grant guide; submit via ThaiHealth online system when Open Grant round is announced,https://www.thaihealth.or.th/announcements/announce/grant-announcements
National & domestic,Makerere University Research and Innovations Fund - Round 8 (RIF-8) Track 1,Government of Uganda via Makerere University (Mak-RIF),Uganda,Open now,2026-10-02,High,,Up to UGX 150m per award (~USD 41k); UGX 6bn pool for >=58 awards,Per call guidelines (FY2026/27),Uganda,PI/Co-PI must be appointed Makerere academic or research staff (incl. College of Health Sciences / Mulago-affiliated faculty). Non-Makerere clinicians can join as collaborators.,"Opened 31 Aug 2026; closes Fri 2 Oct 2026, 23:59 EAT",Open - closes 2 Oct 2026 (days after the conference),"Research and innovation linked to the national Research and Innovation Agenda (seven priority thematic areas, incl. health).","RIF-8 Track 1 New Research & Innovation Agenda-Based Grants, five categories",Register on rif.mak.ac.ug/portal; read full call at rif.mak.ac.ug/rif-8-call; questions to info.rif@mak.ac.ug,https://rif.mak.ac.ug/rif8-call-for-applications-fy-2026-27/
National & domestic,STI Secretariat (Office of the President) R&D and Innovation grants / Innovation Fund,"Science, Technology and Innovation Secretariat - Office of the President (STI-OP)",Uganda,Check status,,Medium,yes,Varies - not stated in sources reviewed,Varies,Uganda,"Scientists and innovators in academia, MDAs and private sector; product/commercialisation orientation.",Periodic,Uncertain - no confirmed open call found for late 2026,"R&D and innovation along prioritised value chains, incl. health products, diagnostics, pharmaceuticals and indigenous medicine commercialisation.",Periodic calls for grant awards; Innovation Fund,Monitor sti.go.ug and university research offices for STI-OP calls,https://sti.go.ug/innovation-fund/
National & domestic,Uganda National Health Research Organisation (UNHRO) and constituent institutes,"UNHRO (with UVRI, JCRC, NCRI, TDRI, UMRC)",Uganda,Check status,,Medium,,Not applicable/varies,Varies,Uganda,Collaboration route for clinicians wanting lab or data partnerships.,None identified,Uncertain - no open grant scheme identified,"Statutory steward of health research; constituent institutes (e.g., UVRI) host partnerships and training that can support local investigators.",Institutional partnerships; no regular open competitive grant scheme identified,Approach institute departments for collaboration/co-investigatorship,https://unhro.org.ug/
National & domestic,Uganda National Council for Science and Technology (UNCST) - grants and research registration,UNCST,Uganda,Check status,,Low,,Varies,Varies,Uganda,All researchers must register studies with UNCST - budget time/fees in any grant.,No regular cycle,Uncertain - no active call found,National regulator/registrar of research that also occasionally runs competitive calls (often with SGCI/partners).,Occasional competitive calls; mandatory research registration/clearance,Check uncst.go.ug; use NRIMS for research registration,https://www.uncst.go.ug/
National & domestic,Provincial Dept of Science & Technology projects and hospital-level (cap co so) grants,Provincial Departments of Science and Technology (So KH&CN); hospitals/universities,Vietnam,Rolling,,High,,Small-moderate; varies by province/institution (not verified),~1-2 years,Vietnam,Staff of provincial hospitals and health departments; nurses often eligible for institution-level projects.,"Annual, per province/institution",Rolling/annual (not independently verified for 2026),Provincial-level applied projects on local health problems; institution-level small projects at hospitals and medical universities.,Provincial S&T task ordering; grassroots-level (cap co so) projects,Ask your hospital's science & training department for the provincial and internal proposal calendar,https://www.most.gov.vn/
National & domestic,"VinIF Science, Technology and Innovation Research Sponsor Program","Vingroup Innovation Foundation (VinIF), Institute of Big Data",Vietnam,Open now,,Medium,yes,VND 2-10 billion per project (~USD 77k-385k),Multi-year (per agreement),Vietnam,"PI must hold PhD, have >=3 international publications or 1 patent in past 5 years, commit >=30% time; host must be a Vietnamese S&T organisation. Outputs: 3 of 4 (product, Q1 papers, IP, MSc/PhD training).",2026: submissions 1-15 May 2026; awards July 2026,Active (programme continuing) - 2026 round closed; 2027 round expected ~Apr-May 2027,"High-impact research projects; priority areas include smart health, AI, data science and biotechnology. Also domestic postdoc and postgraduate scholarships.",Annual research program; Domestic Postdoctoral Fellowship; Postgraduate Scholarships; conference sponsorship,Portal oms.vinif.org; start building international co-PI links now,https://vinif.org/en/sponsor-programs/scientific-technology-and-innovation-research-program/
National & domestic,NAFOSTED Basic Research grants (incl. medicine & pharmacy council),"National Foundation for Science and Technology Development (NAFOSTED), Ministry of Science and Technology",Vietnam,Next cycle expected,,Medium,,Not stated in sources reviewed,Typically 2-3 years,Vietnam,"PI with publication track record at a Vietnamese S&T organisation (universities, research institutes, some hospitals).",2026 basic research call closed 13 Aug 2026 (17:00); results expected before 15 Oct 2026,Closed - results pending; next call expected mid-2027,Investigator-led basic research in natural sciences/engineering (includes medicine & pharmacy council) and social sciences/humanities; separate applied-research programme.,"Basic Research 2026 call; Applied Research 2026 plan; bilateral calls (e.g., NAFOSTED-FWO)",Register on STM system (stm.mst.gov.vn); check PI publication requirements,https://nafosted.gov.vn/thong-bao-tai-tro-nghien-cuu-co-ban-nam-2026-nafosted/
National & domestic,Ministry of Health ministerial-level S&T tasks (de tai cap Bo),"Ministry of Health of Vietnam (Administration of Science, Technology & Training)",Vietnam,Check status,,Medium,,Not stated in sources reviewed,Typically 1-3 years,Vietnam,"Applicants from MoH-affiliated hospitals, institutes and medical universities.","Annual; topic lists approved (e.g., March 2025 decisions for 2026 implementation)",Uncertain - lists for 2027 implementation expected; confirm via MoH portal,"Health research topics set by MoH priority lists, including clinical, public-health and health-policy studies.",Annual proposal of tasks (de xuat nhiem vu) then selection/direct assignment,Submit task proposals via your hospital/university science office to MoH in the annual proposal window,https://moh.gov.vn/en/danh-muc-de-tai
National & domestic,Research Council of Zimbabwe (RCZ) competitive calls incl. NFRF/IDRC 2026 Joint Initiative,"Research Council of Zimbabwe (with SGCI, IDRC, Canada NFRF)",Zimbabwe,Next cycle expected,,Medium,yes,Joint Initiative: CAD 125k-250k per project (~USD 90k-180k) depending on country,Up to 3 years,Zimbabwe,Zimbabwean researchers at eligible institutions per RCZ national annex; international consortia required for Joint Initiative.,"Joint Initiative: NOI 3 Mar 2026, LOI 9 Jun 2026, full application (invited only) 3 Nov 2026",Closed to new entrants (invited full applications due 3 Nov 2026); RCZ-specific calls Uncertain,Managed calls (SGCI-supported) and co-funding of Zimbabwean teams in the 2026 International Joint Initiative on disruptive technologies for global challenges.,SGCI-supported calls; NFRF 2026 International Joint Initiative (RCZ national annex),Contact RCZ (secretary@rcz.ac.zw); watch rcz.ac.zw and SGCI announcements,https://www.rcz.ac.zw/
National & domestic,National AIDS Council - National AIDS Trust Fund (AIDS Levy),National AIDS Council of Zimbabwe,Zimbabwe,Check status,,Medium,,Levy raises ~USD 40m/yr overall; individual grant sizes not stated,Varies,Zimbabwe,Primarily civil-society programme grants rather than investigator research grants; research partnerships possible via NAC R&D unit.,Not stated,Uncertain - no open research call found,"HIV prevention, treatment and care programmes via social contracting with CSOs; NAC Research & Documentation unit generates programme evidence.",Social contracting grants; research and documentation activities,Contact NAC Research and Documentation unit to propose operational research partnerships,https://nac.org.zw/rad.php
National & domestic,"University of Zimbabwe Research, Innovation & Industrialisation funds (incl. Vice-Chancellor's Fund)","University of Zimbabwe / Ministry of Higher & Tertiary Education, Innovation, Science & Technology Development",Zimbabwe,Check status,,Medium,,Not stated,Varies,Zimbabwe,UZ staff; product/industrialisation framing favoured.,Not stated,Uncertain,"Innovation-oriented university projects (Education 5.0), innovation hubs; UZ College of Health Sciences Research Support Centre lists funding opportunities.",VC's Fund (ministry-funded); innovation hubs; UZCHS Research Support Centre,Contact UZ Research & Innovation Directorate or UZCHS Research Support Centre,https://www.uz.ac.zw/index.php/funding-opportunities
Regional bodies & development banks,Joint PAHO/TDR Impact Grants for Regional Priorities 2026-27 (elimination of communicable diseases in Latin America and the Caribbean),PAHO/WHO with TDR,,Next cycle expected,,High,yes,"Up to US$30,000 per project",12-18 months,Dominican Republic; Jamaica,Open to researchers and institutions in Latin America and the Caribbean. Multicentre projects that actively engage public health authorities and promote regional collaboration get special consideration. Selected projects need approval from local ethics committees and the PAHO Ethics Review Committee (PAHOERC).,2026-27 call closed 19 Aug 2026 (11:00 US ET).,Closed - awards pending; expect a further PAHO/TDR round in a later cycle (previous rounds 2022-23 and 2026-27).,"Operational/implementation research on TB, opportunistic infections of advanced HIV disease (histoplasmosis, cryptococcal meningitis, leishmaniasis, Chagas, schistosomiasis), and AI applications for TB/HIV care delivery, follow-up, surveillance and decision-making.",Impact Grants for Regional Priorities (5 awards in 2026-27),Via eTDR (who.my.site.com/etdr). First step for next round: build a multi-site team with a national TB/HIV programme partner and draft an AI/TB or advanced-HIV concept.,https://www.paho.org/en/news/9-7-2026-paho-and-tdr-launch-regional-call-accelerate-elimination-communicable-diseases
Regional bodies & development banks,Joint WHO AFRO/TDR Impact Grants for Implementation Research for Regional Priorities 2026-27,TDR (UNICEF/UNDP/World Bank/WHO Special Programme) with WHO Regional Office for Africa,,Next cycle expected,,High,yes,"Up to US$15,000 per grant (co-funding encouraged)","Max 12 months; must finish by end-2027, no no-cost extension",Uganda; Zimbabwe; Botswana,"PI and most of the team must be based in an African Region institution (MoH/national disease programmes, universities, research institutes, NGOs). Must show prior operational/implementation research experience or training (e.g., TDR IR Toolkit or IR MOOC). Needs an acknowledgement letter from the relevant programme manager and, for health-centre studies, an authorization letter. Early-career, women and LDC applicants encouraged. English, French or Portuguese. One-page CV.",2026-27 call closed 15 Sep 2026 (17:00 CEST); results within ~3 months. Next AFRO call expected in the 2027-28 cycle (typically announced mid-year).,"Closed - deadline passed 15 Sep 2026; the scheme continues despite WHO budget cuts, so prepare for the next round.","Small implementation-research grants on infectious diseases of poverty in the African Region: person-centred PHC delivery (TB, malaria, NTDs), health-system bottlenecks incl. digital health and appropriate AI-supported tools, and climate/One Health/AMR/WASH.",Impact Grants for Regional Priorities (competitive call via eTDR portal),"Create an account on the eTDR Community Site (who.my.site.com/etdr), complete the IR MOOC now to meet the experience requirement, secure a programme-manager acknowledgement letter, and watch afro.who.int / tdr.who.int/grants for the next call.",https://www.afro.who.int/call-for-applications-joint-who-afro-tdr-impact-grants-2026-2027
Regional bodies & development banks,"TDR Impact Grants - South-East Asia (SEARO), Western Pacific (WPRO) and European (EURO) windows","TDR with WHO regional offices (SEARO, WPRO, EURO)",,Next cycle expected,,High,,"US$10,000-15,000 per grant (WPRO 2025-26 and EURO 2025: up to US$15,000)",Up to 12 months,Armenia; India; Thailand; Vietnam; Philippines,"PI must be based in an LMIC institution in the relevant WHO region: SEARO (India, Thailand), WPRO (Philippines, Viet Nam - both listed in the 2025-26 WPRO call), EURO (Armenia). Note Philippines and Viet Nam moved to upper-middle income in the World Bank FY27 classification (1 July 2026); they remain middle-income, but check each new call's country list. Prior IR experience and programme-manager endorsement typically required.","WPRO 2025-26 call closed 16 Jul 2025; EURO grants awarded May 2025 (36 applications, 10 awards); SEARO last awarded May 2024. No 2026-27 SEARO/WPRO/EURO call found as of 26 Sep 2026.","Expected/Uncertain - regional windows rotate; AFRO and PAHO 2026-27 calls ran in Jul-Sep 2026, so similar calls for other regions may follow.","Small implementation-research grants on infectious diseases of poverty tied to each region's priorities (e.g., WPRO 2025-26: reaching the unreached with a communicable-disease focus; EURO 2025: TB/HIV co-infection, parasitic infections, climate and vulnerable groups).",Impact Grants for Regional Priorities (regional calls managed by each WHO regional office; EURO implemented with Astana Medical University),"Register on eTDR, set alerts on tdr.who.int/grants and the regional office websites; prepare a 12-month routine-data IR protocol with programme endorsement.",https://tdr.who.int/home/our-work/global-engagement/tdr-small-research-grants-scheme
Regional bodies & development banks,Global Health EDCTP3 Joint Undertaking — Work Programme 2026 calls,European Union (Horizon Europe) with European and African participating states,EU,Open now,,Medium,yes,Varies by topic (often multi-million euro consortia),Varies,Uganda; Zimbabwe; Botswana,Consortia must include sub-Saharan African partners and typically European partners. African institutions can coordinate. Only the 3 African map countries fit the geographic scope. Uganda received 2026 emergency Ebola Bundibugyo research mobilisation funds (identified beneficiaries only).,DIGIT-02 and SERP-01 were listed as 'Open' in Sep 2026 — check exact deadlines on the EU Funding & Tenders Portal,Open (selected CSA topics) — most 2026 RIA topics closed,"Clinical research and capacity building on infectious diseases in sub-Saharan Africa (HIV, TB, malaria, lower respiratory tract infections (LRTIs), emerging infections, climate and health), including ethics/regulatory networks and digital/AI integration of research and care.","Research and Innovation Actions; Coordination and Support Actions (e.g., HORIZON-JU-GH-EDCTP3-2026-03-DIGIT-02 'Enhancing integrated research and healthcare in SSA through digital innovation and AI'; SERP-01 ethics/regulatory/pharmacovigilance training networks); outbreak research-fund mobilisation; EDCTP prizes",Search the topic IDs on the EU Funding & Tenders Portal. Use the EDCTP3 networking platform to find consortium partners.,https://www.global-health-edctp3.europa.eu/funding/calls-proposals_en
Regional bodies & development banks,"Global Health EDCTP3 fellowships via training hubs (Strategic Training Hubs in epidemiology, biostatistics and modelling; career-development consortia)",Global Health EDCTP3 with contributing partners and Africa CDC,,Rolling,,Medium,yes,"Up to EUR 90,000 per fellow (hub topic ceiling); hub grants up to EUR 1.25m","Master's fellowships up to 24 months; other fellowships vary (e.g., CREATIVE 30 months)",Uganda; Zimbabwe,"Fellows must be resident in, or willing to relocate to, a sub-Saharan EDCTP Association member country and not previously funded by a similar EDCTP fellowship; Master's fellows must be employed by the host and commit to 2 years after. Botswana residents generally not eligible (non-member).",Hub-specific calls; hubs from the 2025 topic expected to recruit fellows during 2026-2027.,Rolling/Expected - watch individual hub calls.,"Fellowships awarded by EDCTP3-funded consortia: Master's fellowships in epidemiology/biostatistics, infectious-disease modelling training, and clinical-research career fellowships (e.g., CREATIVE at LSHTM partners, ACT-PREP).",Financial support to third parties (fellowships) through funded hubs; EDCTP3 no longer runs individual fellowship calls directly,Follow EDCTP3 and Africa CDC announcements and partner universities for hub fellowship calls; secure employer support letter.,https://www.global-health-edctp3.europa.eu/funding_en
Regional bodies & development banks,Horizon Europe Cluster 1 Health - Work Programme 2026-2027,European Commission (HaDEA),,Next cycle expected,2026-10-29,Medium,yes,Mostly EUR 1.5m-10m per project (consortium level),Typically 3-5 years,Dominican Republic; Jamaica; Armenia; Thailand; Vietnam; Philippines; Uganda; Zimbabwe; Botswana,"Armenia is a Horizon Europe Associated Country (same status as EU members; can coordinate). Dominican Republic, Jamaica, Thailand, Philippines, Viet Nam, Uganda, Zimbabwe and Botswana are on the WP 2026-27 list of low- and middle-income countries automatically eligible for funding. India is NOT on the automatic list - Indian partners are funded only if a topic allows it or their participation is essential (India has some national co-funding arrangements). Consortium of 3+ entities from 3 EU/Associated countries usually required.","HORIZON-HLTH-2027-01 and 2027-02 open 29 Oct 2026, deadline 17 Feb 2027 (2027-02 stage 2: 16 Sep 2027); HORIZON-HLTH-2027-03 opens 3 Jun 2027, deadline 16 Sep 2027. 2026 calls closed (16 Apr and 15 Sep 2026).",Expected - next calls open 29 Oct 2026.,"Collaborative research across six health destinations (e.g., infectious diseases, NCDs, health systems, digital health/AI, environment and health).","Research and Innovation Actions, Innovation Actions, CSAs (single- and two-stage)",EU Funding and Tenders Portal; register a PIC for your institution; contact national contact points (Armenia has NCPs) and European coordinators to join a consortium before Dec 2026.,https://horizoneuropencpportal.eu/store/overview-health-calls-2026-and-2027-horizon-europe
Regional bodies & development banks,Marie Sklodowska-Curie Actions (MSCA) - Postdoctoral Fellowships and Staff Exchanges,European Commission (REA),,Next cycle expected,,Medium,,"PF: unit-cost based living/mobility allowances (2026 call budget EUR 399m, ~1,600 fellowships); SE: unit cost per person-month of secondment",PF 1-2 years (Global PF up to 3 years incl. return phase); SE secondments 1-12 months within 4-year projects,Dominican Republic; Jamaica; Armenia; India; Thailand; Vietnam; Philippines; Uganda; Zimbabwe; Botswana,"PF requires mobility to an EU/Associated-country host (Armenia is associated, so Armenian institutions can host). LMIC entities on the Horizon Europe list can join SE projects; India participates but is not automatically funded. Researchers of any nationality may apply for PF if they meet mobility rules and have a PhD.","PF 2026 closed 9 Sep 2026 (next PF call normally opens ~April 2027, closes ~September 2027). SE: 15 Dec 2026 - 15 Apr 2027 (verify on Portal).",Closed (PF) / Expected (Staff Exchanges opening Dec 2026).,"Postdoctoral Fellowships (European or Global, any discipline) and Staff Exchanges that fund short secondments of staff between partner organisations, including with non-EU countries.",MSCA Postdoctoral Fellowships (PF); MSCA Staff Exchanges (SE); Doctoral Networks,EU Funding and Tenders Portal; find a European supervisor (PF) or join an SE consortium led by an EU university partner.,https://marie-sklodowska-curie-actions.ec.europa.eu/
Regional bodies & development banks,Science for Africa Foundation (SFA Foundation) - DELTAS Africa II and other programmes,"SFA Foundation (with Wellcome, FCDO, Gates and others)",,Check status,,Medium,,Consortium-level; cascaded fellowships/small grants vary,DELTAS Africa II runs 2023-2026,Uganda; Zimbabwe; Botswana,"African institutions; individuals usually access funding through DELTAS consortia hosted at African universities (e.g., via fellowships/PhD/postdoc calls).",SFA funding page listed no open opportunities at last check.,Uncertain - DELTAS Africa II phase ends 2026; watch for successor programmes.,"African-led research consortia and capacity strengthening (DELTAS Africa II: 14 consortia, 2023-2026), community/public engagement grants, and country initiatives.","DELTAS Africa consortia (hub-and-spoke, with fellowships and small grants cascaded by consortia); thematic calls",Monitor scienceforafrica.foundation/funding and DELTAS consortia websites for cascaded fellowship calls.,https://scienceforafrica.foundation/funding
Regional bodies & development banks,"Asian Development Bank - innovation challenges, ADB Ventures SEED and health programmes",Asian Development Bank (ADB),,Next cycle expected,,Low,,"Challenge pilots up to US$450,000; otherwise varies",Pilot-specific,Armenia; India; Thailand; Vietnam; Philippines,"The 2026 dengue challenge was implemented in Sri Lanka only (none of the 10). ADB developing member countries among the 10: India, Thailand, Philippines, Viet Nam, Armenia. Applicants to challenges can be companies, research institutions, NGOs and universities.",Urban Dengue challenge closed 14 Aug 2026; other challenges ad hoc.,Closed/Rolling - watch for new health-related challenges.,"Mostly sovereign health loans/TA; for non-government actors, time-limited innovation challenges (2026: Urban Dengue Control Innovation Challenge, up to US$450,000 per pilot, 10% co-financing) and ADB Ventures SEED grants for tech startups piloting in developing member countries.","Innovation challenges (challenges.adb.org), ADB Ventures SEED, technical assistance consultancies, proposed HAPPIER health fund",Register alerts on challenges.adb.org and ADB Ventures; for TA consultancies use ADB consultant management system.,https://challenges.adb.org/
Regional bodies & development banks,African Development Bank and Inter-American Development Bank (incl. IDB Lab),AfDB; IDB Group,,Check status,,Low,,Not applicable to individuals,Project-specific,Dominican Republic; Jamaica; Uganda; Zimbabwe; Botswana,"AfDB regional members: Uganda, Zimbabwe, Botswana. IDB borrowing members: Dominican Republic, Jamaica. Research access mostly via government project units or consultancies.",Ad hoc,Uncertain - no health research calls identified (IDB Lab calls page could not be retrieved at check).,Sovereign health and social-sector lending and technical assistance; IDB Lab funds innovation pilots with private/civil-society partners in Latin America and the Caribbean. Neither runs an open investigator research-grant scheme.,Sovereign loans/TA; IDB Lab innovation calls; consultancy procurement,Monitor bidlab.org calls and AfDB/IDB procurement portals; partner with MoH project implementation units.,https://bidlab.org/en
Regional bodies & development banks,Caribbean regional bodies - Caribbean Development Bank (BNTF) and CARPHA,Caribbean Development Bank; Caribbean Public Health Agency (CARPHA),,Check status,,Low,,Not stated,Varies,Jamaica,BNTF participating countries include Jamaica (via Jamaica Social Investment Fund); Dominican Republic is not a BNTF country or CARPHA member state.,CARPHA conference abstract calls annually (typically late in the preceding year).,Uncertain - no research grant call identified.,"CDB's Basic Needs Trust Fund (BNTF 11 cycle launched 2026) funds community sub-projects (education, water/sanitation, access) - not research. CARPHA conducts regional public-health research and runs the Annual CARPHA Health Research Conference (70th, April 2026) but no open investigator grant scheme was found.","BNTF community sub-projects via national implementing agencies; CARPHA conference abstracts/awards and regional surveillance projects (e.g., Pandemic Fund Caribbean project)",Submit abstracts to the CARPHA conference for visibility; for community-health infrastructure contact JSIF about BNTF.,https://carpha.org/
Multilateral & global health initiatives,"IAEA Coordinated Research Projects (CRPs) - research contracts in radiation oncology, medical imaging, nuclear medicine and dosimetry",International Atomic Energy Agency (IAEA),,Rolling,,High,yes,"Modest contract support (some CRPs state about EUR 3,000 per year per contract) plus IAEA-funded travel to Research Coordination Meetings",CRPs typically 3-5 years,Dominican Republic; Jamaica; Armenia; India; Thailand; Vietnam; Philippines; Uganda; Zimbabwe; Botswana,"Research Contracts go mainly to institutes in developing Member States; all 10 are IAEA Member States. Submit the standard Proposal for Research Contract/Agreement endorsed by your institution (and usually national authorities). 2026 examples: prostate CT contouring/AI CRP (proposals by 15 Feb 2026), stimulus-responsive radiopharmaceuticals (15 Jul 2026).",Rolling - each new CRP publishes its own proposal deadline.,Rolling - new CRPs announced throughout 2026.,"Institutions join multi-country CRPs; developing-country institutes receive research contracts to run their part of the protocol (e.g., AI-assisted contouring in radiotherapy, CT-based prostate contouring with an AI tool, radiopharmaceuticals, doctoral CRPs in radiotherapy).","Research Contracts, Doctoral Contracts, Technical Contracts, Research Agreements (unfunded, for high-income institutes)",Browse iaea.org/projects/coordinated-research-projects and the Human Health Campus; email the proposal form to the Research Contracts Administration Section before the CRP deadline.,https://www.iaea.org/services/coordinated-research-activities/how-to-participate
Multilateral & global health initiatives,CEPI Calls for Proposals (epidemic/pandemic vaccines and enabling science),Coalition for Epidemic Preparedness Innovations (CEPI),,Rolling,,Medium,yes,Varies widely (from targeted studies to multi-million vaccine awards),Varies,Dominican Republic; Jamaica; Armenia; India; Thailand; Vietnam; Philippines; Uganda; Zimbabwe; Botswana,Global applicants; CEPI states special interest in Global South developers and researchers. 2026 Bundibugyo calls sought epidemiology/modelling/analytics and immunological assessment of cross-reactive antibodies - directly relevant to Ugandan teams.,"Rolling set of time-limited calls (2026 examples: Focus Area 2 vaccine candidates, 1 May 2026; BDBV vaccine candidates, 29 May-8 Jun 2026; BDBV epidemiology/immunology, 22 Jun 2026).","Rolling - CEPI raising funds for its next strategic period (e.g., US$240m new pledges Sept 2026); check for new calls.","Vaccine R&D, manufacturing, and enabling science including epidemiology, modelling, immunology and AI for priority pathogens and Disease X; outbreak-response calls (e.g., Bundibugyo virus in DRC and Uganda, 2026).",Open and rapid-response Calls for Proposals; CEPI Tech Talks (pre-application advice),Monitor cepi.net/calls-for-proposals; request a CEPI Tech Talk by email to discuss fit before applying.,https://cepi.net/calls-for-proposals/
Multilateral & global health initiatives,"IAEA Technical Cooperation (TC) Programme - national/regional projects, fellowships and scientific visits",International Atomic Energy Agency (IAEA),,Rolling,,Medium,,"In-kind (equipment, training, fellowships); varies by project",Projects follow multi-year TC cycles,Dominican Republic; Jamaica; Armenia; India; Thailand; Vietnam; Philippines; Uganda; Zimbabwe; Botswana,"All Member States eligible, with focus on less developed countries. Access is via the National Liaison Officer (NLO) and national counterpart institutions - individuals are nominated through their government.",Project concepts are developed with the NLO for the next TC cycle; fellowship nominations tied to active projects.,Rolling (via national channels).,"Capacity building where nuclear techniques add value: radiotherapy and nuclear medicine services, medical physics, diagnostic imaging QA, nutrition isotope techniques; delivered as equipment, expert missions, training courses, fellowships and scientific visits.","National, regional and interregional TC projects; fellowships/scientific visits attached to projects; capacity-building support to attend IAEA meetings",Contact your country's IAEA National Liaison Office (often the atomic energy/radiation authority) to join an existing health project or propose one for the next cycle.,https://www.iaea.org/services/technical-cooperation-programme/how-it-works
Multilateral & global health initiatives,ICGEB Research Grants - Collaborative Research Programme (CRP),International Centre for Genetic Engineering and Biotechnology (ICGEB),,Next cycle expected,,Medium,,"Up to EUR 25,000 per year (consumables, small equipment <EUR 10,000, training, limited travel); no PI salary or overheads",Up to 36 months,Dominican Republic; India; Vietnam; Zimbabwe,"PI must hold a position at a university/research institute in an ICGEB Member State. Full members among the 10: India, Dominican Republic, Viet Nam, Zimbabwe. Armenia, Jamaica and Philippines are pending full membership and Thailand is only a signatory - not eligible until full membership. Botswana is not listed; Uganda is being engaged via the BiotechNet II project. Each country's Liaison Officer can endorse max 3 standard + 2 return-grant proposals.","2026 round: submission 30 Apr 2026, national endorsement 31 May 2026 (closed). Next round expected with a similar April deadline in 2027.",Closed for 2026; Expected 2027.,"Original research in basic life sciences, human healthcare and biotechnology addressing problems relevant to the host country, with a mandatory international collaboration and training component.","CRP Research Grants; CRP Early Career Return Grants (under 40, recently returned after 2+ years abroad); related ICGEB fellowships",ICGEB Service Gateway (isg.icgeb.org); contact your national ICGEB Liaison Officer early and line up an international collaborator with a letter.,https://www.icgeb.org/grants/
Multilateral & global health initiatives,UNICEF Venture Fund (frontier tech incl. AI for child health; Climate Ventures 2026),UNICEF Office of Innovation,,Next cycle expected,,Medium,yes,"Up to US$100,000 equity-free",About 12 months of support in cohort,Dominican Republic; Jamaica; Armenia; India; Thailand; Vietnam; Philippines; Uganda; Zimbabwe; Botswana,"Applicant must be a for-profit startup registered in a UNICEF programme country (check the programme-country list), with a working prototype and commitment to open-source licensing. Women-led and young founders encouraged. Academic groups need a spin-out or startup partner.",Climate and health call closed 17 May 2026 (first of a five-year Climate Ventures programme); earlier health call closed Oct 2023. Further calls expected.,Closed/Expected - watch for the next Venture Fund call.,"Equity-free investments in early-stage, open-source frontier-tech solutions (AI/ML, data science, blockchain, drones, XR) for children's health, nutrition, mental health and climate-health (early warning, disease forecasting, point-of-care triage, offline LLMs).",Thematic calls for applications; cohort support and mentorship,Follow unicef.org/innovation and unicefventurefund.org; prepare an open-source prototype and company registration.,https://www.unicef.org/innovation/venturefund
Multilateral & global health initiatives,Global Fund Grant Cycle 8 (2026-2028) country grants - operational research within national HIV/TB/malaria programmes,"The Global Fund to Fight AIDS, Tuberculosis and Malaria",,Check status,,Medium,,Varies; OR budgets are set within each country grant,Grant cycle 2026-2028 (implementation to ~2029-2030),Dominican Republic; Jamaica; Armenia; India; Thailand; Vietnam; Philippines; Uganda; Zimbabwe; Botswana,"Eighth Replenishment closed at US$12.64bn; US$10.78bn allocated to countries (about 8% less than GC7). GC8 is the FINAL country allocation for: Armenia TB (Armenia HIV already ineligible); Botswana HIV and TB; Dominican Republic HIV; Jamaica HIV; Thailand HIV, TB and malaria; Viet Nam HIV and malaria; Philippines malaria; India HIV. GC9 (2029-31) is final for India TB, Philippines HIV and TB, Viet Nam TB. Uganda and Zimbabwe have no set transition timeline. Researchers cannot apply directly - access is via the CCM/PR.",GC8 funding requests and grant-making under way through 2026; grants run 2026-2028.,Open via country process - but budgets are tighter and more prioritised; transition countries have little room for new research.,"Country grants to national programmes; operational research, program evaluation and surveys can be budgeted in grants (typically under M&E/RSSH), and PRs/sub-recipients sometimes contract local researchers.",Country allocations negotiated through Country Coordinating Mechanisms (CCMs); Principal/Sub-Recipient sub-grants; catalytic investments (US$260m),"Contact your national HIV/TB/malaria programme and the CCM secretariat; propose a costed, programme-priority OR question (e.g., case-finding, retention) for inclusion in grant work plans or PR sub-contracts.",https://www.theglobalfund.org/en/news/2026/2026-02-18-global-fund-board-welcomes-final-eighth-replenishment-outcome/
Multilateral & global health initiatives,Stop TB Partnership - TB REACH,"Stop TB Partnership (UNOPS-hosted); funded by Global Affairs Canada, UK FCDO and others",,Check status,,Medium,,"Wave 11: up to US$550,000 per grant (28 projects, US$14.5m, 15 countries approved June 2024)",Typically 12-18 months implementation,India; Thailand; Vietnam; Philippines; Uganda; Zimbabwe,"Wave-specific; past waves prioritised high TB-burden LMICs (listed countries are on WHO high-burden lists) and accepted NGOs, academic groups and public programmes. Confirm country eligibility in the next wave.",No open wave as of Sep 2026 (Wave 11 launched Nov 2023; Wave 11 Plus portfolio for NPOC tools under way).,Uncertain - next wave depends on donor funding.,"Rapid, innovative projects to find and treat people with TB and test new delivery approaches (Wave 11: integrating TB and lung health at primary/community level; Wave 11 Plus: near-point-of-care TB tests in routine conditions), with independent M&E.",TB REACH waves of funding (competitive calls),Monitor stoptb.org TB REACH pages and Union World Conference announcements (waves have been launched there); partner with national TB programme.,https://www.stoptb.org/what-we-do/accelerate-tb-innovations/tb-reach/waves-funding/wave-11
Multilateral & global health initiatives,"WHO headquarters, regional and country office commissioned research (APW/technical service agreements)",World Health Organization,,Check status,,Medium,,Varies (usually small to mid-size contracts),Varies (months),Dominican Republic; Jamaica; Armenia; India; Thailand; Vietnam; Philippines; Uganda; Zimbabwe; Botswana,"Usually institutional contracts; selection often via WHO country office networks. US withdrawal from WHO took effect in January 2026; WHO cut its 2026-27 programme budget by about a fifth to US$4.2 billion (from US$5.3 billion proposed) with a residual gap reported at about US$1.7 billion, so commissioned work is fewer and more targeted.",Ad hoc,Uncertain - reduced volume due to WHO budget cuts and restructuring.,"Specific studies, evidence reviews, surveys and evaluations that WHO offices contract out to local institutions and researchers to inform guidelines and national programmes.","Agreements for Performance of Work (APW), requests for proposals, calls for experts","Introduce your unit to the WHO country office (NPO for your disease area), register interest in expert rosters, and monitor who.int calls for proposals and regional office pages.",https://www.who.int
Multilateral & global health initiatives,WHO-hosted research partnerships: Alliance for Health Policy and Systems Research (AHPSR) and HRP (sexual and reproductive health research),WHO-hosted partnerships (AHPSR; UNDP/UNFPA/UNICEF/WHO/World Bank HRP),,Check status,,Medium,,Varies by call (not stated),Varies,Dominican Republic; Jamaica; Armenia; India; Thailand; Vietnam; Philippines; Uganda; Zimbabwe; Botswana,Usually institutional applicants in LMICs; calls often restricted to specific countries/themes. HRP's research impact grants page is no longer updated.,Ad hoc; no open call found as of Sep 2026.,Uncertain - no open calls identified; HRP running a 2026-2036 SRHR research prioritisation.,AHPSR commissions health policy and systems research through targeted requests for proposals; HRP supports SRHR research and research-capacity strengthening through its HRP Alliance hubs and ad-hoc small grants.,"AHPSR requests for proposals; HRP Alliance research capacity strengthening (new RCS strategy launched 2026); ad-hoc small grants (historically for emergencies, e.g., Zika, migrant SRH)",Check ahpsr.who.int calls-for-proposals and the HRP pages; sign up to newsletters; connect with the regional HRP Alliance hub.,https://ahpsr.who.int/
Multilateral & global health initiatives,The Pandemic Fund - Fourth Call for Proposals,The Pandemic Fund (World Bank-hosted financial intermediary fund),,Open now,,Low,,Up to US$244m total across 15 countries (country-specific ceilings),Multi-year projects,Uganda,"Only 15 high-risk, high-need countries that have not had single-country grants are eligible; Uganda is the only one among the 10. Applicants are governments with implementing entities, not individuals. Third round (Feb 2026) awarded US$499.6m to 20 projects.",Rolling: 1 Apr 2026 - 31 Mar 2027,Open (Uganda only).,"Government-led investments in disease surveillance, laboratory systems and health workforce for pandemic prevention, preparedness and response.","Fourth CfP with pre-set country ceilings; rolling applications through accredited Implementing Entities (WHO, UNICEF, FAO, MDBs etc.)",Ugandan researchers should contact the MoH/National Public Health Institute team preparing the proposal to embed surveillance/lab/workforce evaluation components.,https://www.thepandemicfund.org/call-for-proposals
Multilateral & global health initiatives,Unitaid Calls for Proposals,Unitaid (hosted by WHO),,Next cycle expected,,Low,,"Multi-million US$ (e.g., US$30m envelope for the 2026 cervical cancer call)",Typically 3-4 years,Dominican Republic; Jamaica; Armenia; India; Thailand; Vietnam; Philippines; Uganda; Zimbabwe; Botswana,Applicants are consortia with strong implementation and financial capacity; implementation countries are LMICs chosen per call. Local clinicians join as country partners/sub-grantees rather than lead applicants.,2026 calls closed (integrated diagnostics 29 Jan 2026; INSPIRE MNH supply chains 20 Mar 2026; cervical cancer 9 Apr 2026). No open calls as of Sep 2026.,Closed - no open calls; new calls appear several times a year.,"Large, time-bound projects that introduce and scale innovative health products and delivery models (diagnostics integration, cervical cancer secondary prevention, maternal/newborn supply chains, heat stability of products, lenacapavir PrEP rollout).",Thematic calls for proposals to implementation consortia,"Monitor unitaid.org/calls-for-proposals; approach lead consortia (NGOs, academic partners) to be named as a country implementation site.",https://unitaid.org/calls-for-proposals/
Foreign governments & research councils,Dissemination and Implementation Research in Health — R03 (PAR-25-233) and R21 (PAR-25-143),US NIH (multi-institute; Fogarty is a partner),USA,Open now,,High,,"NIH standard: R03 up to US$50,000/yr direct for 2 yrs; R21 up to US$275,000 direct over 2 yrs (confirm in each NOFO)",Up to 2 years,Dominican Republic; Jamaica; Armenia; India; Thailand; Vietnam; Philippines; Uganda; Zimbabwe; Botswana,"Check Section III of each NOFO to see whether non-US (foreign) organizations may apply directly; many NIH research grant NOFOs allow this. If the lead is US with an LMIC partner, the partner must now be structured as a linked RF2 award under PF5, not a subaward.",Multiple standard due dates per NOFO (see announcements),Open (listed in Fogarty's Aug 2026 newsletter),"Small and exploratory studies on how to spread, adopt, implement and sustain evidence-based health interventions in real-world clinical and public-health settings.",R03 small grant (clinical trial not allowed); R21 exploratory (clinical trial optional),"Read PAR-25-233 / PAR-25-143 on grants.nih.gov. Confirm foreign eligibility and register in SAM.gov, Grants.gov and eRA Commons.",https://grants.nih.gov/grants/guide/pa-files/PAR-25-233.html
Foreign governments & research councils,Emerging Global Leader Award (K43) — PAR-24-295 (clinical trial required) / PAR-24-296 (clinical trial not allowed),US National Institutes of Health — Fogarty International Center (FIC),USA,Open now,2026-12-03,High,,"Up to US$100,000/yr salary (minimum 75% effort) + up to US$40,000/yr research development support, plus fringe",3–5 years,Dominican Republic; Jamaica; Armenia; India; Thailand; Vietnam; Philippines; Uganda; Zimbabwe; Botswana,"The applicant organization must be an academic or research institution in an LMIC (World Bank low, lower-middle and upper-middle income all count). The LMIC institution applies directly; no US prime institution is needed, but a US mentor is normally part of the team. The candidate must commit at least 75% effort, which is hard for full-time clinicians unless protected time can be negotiated. Fogarty excludes G20 upper-middle-income countries (Argentina, Brazil, China, Indonesia, Mexico, South Africa, Turkey) from its research-training programmes. None of the 10 map countries is affected (India is G20 but lower-middle income). Foreign applicants need SAM.gov (with an NCAGE code), Grants.gov and eRA Commons registrations, which take weeks.","Annual. Last receipt date under current NOFOs is 3 December 2026 (NOFOs expire 4 Dec 2026). Review Mar 2027, earliest start Jul 2027.","Open — Fogarty's ONLY own open NOFO as of Sep 2026. Reissue after Dec 2026 is uncertain: the FY2027 President's Budget proposes eliminating Fogarty, while the House FY2027 Labor-HHS bill keeps it at US$95M (the FY2026 level).",Mentored research career-development award for early-career scientists holding a faculty or research post at an LMIC institution. Covers salary plus research costs so the awardee can build an independent research program at home.,K43 career development award (two NOFOs: independent clinical trial required / not allowed),"Start SAM.gov/NCAGE, Grants.gov and eRA Commons registration NOW (it takes weeks). Identify a US mentor plus a home-institution mentor. Submit through Grants.gov/ASSIST by 3 Dec 2026, 5 pm local time.",https://www.fic.nih.gov/Programs/Pages/emerging-global-leader.aspx
Foreign governments & research councils,AREF–MRC Towards Leadership Programme,Africa Research Excellence Fund (AREF) with UKRI Medical Research Council,UK,Next cycle expected,,High,,"Not stated (training programme, not a cash grant)",2026/27 cohort,Uganda; Zimbabwe; Botswana,For emerging scientists based in Africa.,2026/27 application deadline 28 Aug 2026,Closed for 2026/27; expected to recur,"A leadership-development programme (not a research grant) for emerging African health researchers: research leadership, grant writing, team building and international collaboration.",Cohort-based training programme,Check the AREF funding-calls page for the next cohort.,https://africaresearchexcellencefund.org.uk/funding-calls/the-aref-mrc-towards-leadership-programme-2026-2027/
Foreign governments & research councils,Academy of Medical Sciences Networking Grants (ISPF-funded),"Academy of Medical Sciences, with the UK National Academies; funded by the International Science Partnerships Fund (ISPF)",UK,Next cycle expected,,High,,"Up to £25,000 (up to £20k travel/events/admin; up to £5k consumables for pilot data; no salaries)",1 year,India; Thailand; Vietnam; Philippines; Uganda,"The LEAD applicant must be based OUTSIDE the UK in an eligible country, with one UK co-applicant. Both need a PhD or equivalent experience and a permanent post or a contract covering the grant period. Uganda qualifies as an LDC. The Dominican Republic, Jamaica, Armenia, Zimbabwe and Botswana are not on the lists.",Next round dates to be confirmed,Expected — scheme live but round dates TBC; depends on continued ISPF ODA funding,"Small grants for networking and collaboration between an overseas lead researcher and a UK co-applicant: workshops, travel and pilot data.","Networking grant. Stream 1 covers 'developed' partner countries and includes India. Stream 2 covers DAC-listed ISPF countries: Brazil, Egypt, Indonesia, Jordan, Kenya, Malaysia, Philippines, Thailand, Turkey, South Africa, Vietnam, plus all UN Least Developed Countries.",Find a UK co-applicant now. Register on the AMS Flexi-Grant portal and watch the scheme page for round dates.,https://acmedsci.ac.uk/grants-and-programmes/grants/networking-grants
Foreign governments & research councils,NIHR Global Advanced Fellowship (and NIHR Global Research Professorship),UK NIHR,UK,Next cycle expected,,High,,Not stated here — see the NIHR guidance,Not stated here (multi-year),India; Uganda; Zimbabwe; Botswana,The applicant must hold a PhD and be based at an institution in an eligible sub-Saharan African or South Asian ODA country; LMIC-based researchers lead. Other map countries are ineligible from 2026.,The 2026 round closed 30 Jun 2026,Closed (2026 round). Expected — NIHR has run it as a recurring call.,"Postdoctoral fellowships for researchers based in eligible LMICs to lead applied global health research, training and capacity strengthening. From 2026 the focus is on infectious diseases of poverty in sub-Saharan Africa and South Asia. The Global Research Professorship is a senior-leadership equivalent.","Personal fellowship (Global Advanced Fellowship, Cohort 2); Global Research Professorship",Read the Global Advanced Fellowship eligibility and 'how to apply' pages. Secure a host institution and mentors now for the next round.,https://www.nihr.ac.uk/career-development/research-career-funding-programmes/postdoctoral/global-advanced-fellowship
Foreign governments & research councils,"ANRS Emerging Infectious Diseases (ANRS MIE, Inserm) — calls for projects and South partner-site network","ANRS MIE (autonomous agency of Inserm), France",France,Open now,,Medium,,Varies by call,Varies,Vietnam,Calls are open to French research teams. Foreign teams are eligible for some calls when associated with a French laboratory. ANRS MIE partner sites are mostly in francophone Africa and Southeast Asia; Vietnam has historically been a site (verify).,Conferences & Publications 2027-1 call: 1 Sep – 15 Dec 2026; generic calls twice yearly,Open (Conferences & Publications); generic calls recurring,"Research on HIV/AIDS, viral hepatitis, STIs, TB and emerging infections, including in resource-limited countries through its international partner-site network. Also doctoral/postdoc grants, mobility, conferences and publications.",Two generic calls per year plus thematic calls; Conferences & Publications call; Start programme for young researchers,Partner with a French lab. Apply via the Apogée platform.,https://anrs.fr/en/funding/
Foreign governments & research councils,Advancing Global Health Annual Program Statement (APS) — GHSD,US Department of State — Bureau of Global Health Security and Diplomacy,USA,Open now,,Medium,,Up to US$4.5 billion total ceiling across all awards; per-award amounts are in the country calls,Per country call,Dominican Republic; Vietnam; Philippines; Uganda; Botswana,"Open to US and FOREIGN private organizations, higher-education institutions and faith-based organizations. Targets MOU countries (the first calls were Cameroon, Côte d'Ivoire and Mozambique, due 15 Sep 2026). Map-country calls had not been confirmed as of Sep 2026.",Rolling country calls (the APS was amended 18 Aug 2026),Open — umbrella APS active; watch for calls covering map countries,"Awards to organizations that 'complement, extend and/or fill identified gaps' in implementing the bilateral health MOUs. It is issued as country-specific calls under an umbrella APS.",Annual Program Statement with country addenda (grants/cooperative agreements),"Search Grants.gov for the APS (DFOP0017890). Register in SAM.gov. Monitor country addenda for Uganda, Dominican Republic, Botswana, Philippines and Vietnam.",https://www.grants.gov/search-results-detail/363649
Foreign governments & research councils,CDC Global Health Center — country office cooperative agreements,US Centers for Disease Control and Prevention,USA,Open now,,Medium,,FY2027 request US$663.8m for the Center for Global Health (flat); the House FY2027 bill funds CDC global health at US$693m and consolidates HIV/TB/vaccines into a new 'Global Emerging Infectious Diseases' line (US$190.6m),Typically multi-year cooperative agreements,Dominican Republic; Jamaica; India; Thailand; Vietnam; Philippines; Uganda; Zimbabwe; Botswana,Most awards go to governments and national public-health institutes. Universities and NGOs can apply when a NOFO allows. The countries listed are those historically with CDC presence; confirm current country offices.,Per NOFO,Open but shrinking/restructuring — CDC is being repositioned to 'replace functions of the WHO' under America First,"Global health security, polio and measles, HIV/TB and field epidemiology (FETP) support, mainly through cooperative agreements with ministries of health, public-health institutes and universities.",Cooperative-agreement NOFOs on Grants.gov; FETP training,Search Grants.gov for CDC-GH NOFOs naming your country. Contact the CDC country office (if present) and join FETP-linked research.,https://www.cdc.gov/global-health/
Foreign governments & research councils,"Global-health funding across other NIH Institutes (e.g., NIAID, NCI Center for Global Health, NIMH, NHLBI) via investigator-initiated R01/R21 and specialized NOFOs",US National Institutes of Health (various ICs),USA,Open now,,Medium,,Varies,Varies,Dominican Republic; Jamaica; Armenia; India; Thailand; Vietnam; Philippines; Uganda; Zimbabwe; Botswana,"Foreign institutions may apply to NOFOs that allow non-domestic entities, and must justify why the work needs the foreign setting. NIH removed separate AIDS application due dates from NOFOs in Jan 2026 (NOT-OD-26-029). NIH's FY2027 request proposes an overall cut of about US$5 billion.",NIH standard due dates (Feb/Jun/Oct cycles) or per NOFO,Open but constrained — a funding squeeze and policy changes are in progress,"Investigator-initiated and targeted research on HIV, TB, malaria, cancer, mental health, cardiometabolic disease and other conditions, including studies at LMIC sites.","Parent R01/R21/R03, PF5 international parent, specialized NOFOs; administrative supplements to active grants (PA-26-001)","Use Fogarty's 'NIH Global Health Funding' page and NIH RePORTER to find ICs funding your topic. Partnering with an existing NIH grantee (e.g., via an administrative supplement) is the realistic entry point.",https://www.fic.nih.gov/Funding/Pages/NIH-funding-opportunities.aspx
Foreign governments & research councils,IDRC (International Development Research Centre) — Global Health programme and competitive calls,International Development Research Centre,Canada,Open now,,Medium,yes,Varies by call,Varies,India; Vietnam; Philippines; Uganda; Zimbabwe; Botswana,"Southern institutions usually lead directly (no Canadian partner needed in many calls). Recent calls were Africa-focused. Canada announced CA$2.7bn in ODA cuts over 4 years (Nov 2025): IDRC loses CA$11m from FY2026/27, rising to CA$24m/yr.",Only open call as of Sep 2026: SGCI/STISA-2034 multilateral research call (EOI deadline 25 Sep 2026). ANeSA letters of interest closed 23 Aug 2026.,Open (limited) — few health-specific calls; budget shrinking,"Research by Global South institutions on health systems, sexual and reproductive health, climate and health, and AI. Mostly through targeted calls and co-funded initiatives (e.g., the SGCI Science Granting Councils Initiative in sub-Saharan Africa, ANeSA on neglected SRHR areas in sub-Saharan Africa).","Competitive calls (letters of interest, concept notes, full proposals); co-funded partnerships",Subscribe to IDRC funding alerts at idrc-crdi.ca/en/funding. Apply through the call-specific portal.,https://idrc-crdi.ca/en/funding
Foreign governments & research councils,Digital Health Technology and Reciprocal Innovation program (relaunch of Fogarty mHealth R21/R33),US NIH — Fogarty International Center,USA,Next cycle expected,,Medium,yes,Not stated (concept only),Not stated,Dominican Republic; Jamaica; Armenia; India; Thailand; Vietnam; Philippines; Uganda; Zimbabwe; Botswana,The concept stresses US–LMIC collaboration. Final eligibility will be in the NOFO. A US lead would require the PF5/RF2 structure.,No NOFO yet,"Expected — concept presented to the Fogarty Advisory Board in June 2026. Clearance does not guarantee a NOFO, and Fogarty's FY2027 budget is contested.","Proposed program for developing, validating, implementing and evaluating digital health tools — mHealth, AI/ML, digital diagnostics, telehealth, clinical decision support — for low-resource settings in LMICs and underserved US settings, with bidirectional US–LMIC learning.",Expected exploratory/developmental and phased mechanisms (the previous mHealth program used R21 and R21/R33),Subscribe to Fogarty's funding newsletter. Line up a US digital-health collaborator and pilot data now.,https://www.fic.nih.gov/About/Advisory/Pages/funding-concepts.aspx
Foreign governments & research councils,"Fogarty Research Training Programs (D43) — Global Infectious Disease, HIV, NCD-LIFESPAN, Bioethics, Research Administration, LAUNCH",US NIH — Fogarty International Center,USA,Next cycle expected,,Medium,,Varies by NOFO (typically a few hundred thousand US$/yr total costs) — see each NOFO,Typically up to 5 years,Dominican Republic; Jamaica; Armenia; India; Thailand; Vietnam; Philippines; Uganda; Zimbabwe; Botswana,"Historically either an LMIC institution or a US institution partnered with LMIC institutions could apply. G20 upper-middle-income countries (Argentina, Brazil, China, Indonesia, Mexico, South Africa, Turkey) are excluded, and for NOFOs published after 8 Aug 2026 there is no longer an exception for Sub-Saharan African G20 UMICs. US-led versions now must use the new PF5/RF2 foreign-collaboration structure. Individual clinicians benefit as TRAINEES of an existing D43 at their institution, not as applicants.",No D43 due dates listed on Fogarty's deadline page as of Sep 2026. LAUNCH D43 (RFA-TW-25-002) had an estimated due date of 25 May 2026.,"Expected / Uncertain — the Fogarty Advisory Board cleared concepts for reissue (Infectious Disease D43, Bioethics and LAUNCH in Sep 2025; HIV D43, NCD-LIFESPAN D43 and Research Administration in Sep 2024), but no new NOFOs had been posted as of Sep 2026. Fogarty's survival in FY2027 depends on Congress.","Institutional research-training grants that build a cadre of LMIC researchers through degree and non-degree training, mentoring and small research projects. Topics include infectious diseases, HIV, chronic NCDs across the lifespan, bioethics and research administration.",D43 institutional training grants (several thematic NOFOs); LAUNCH D43 (RFA-TW-25-002),Check whether your institution or a regional partner already holds a Fogarty D43 (search Fogarty's grants database) and apply as a trainee. Institutions should watch Fogarty's weekly funding newsletter for reissued NOFOs.,https://www.fic.nih.gov/Programs/Pages/default.aspx
Foreign governments & research councils,GACD 11th joint call — CIHR Team Grant 'Implementation science to tackle NCDs: maximizing collaboration with and beyond the healthcare system',"Canadian Institutes of Health Research (IPPH, ICRH) as part of the Global Alliance for Chronic Diseases (GACD) multi-funder call",Canada,Next cycle expected,,Medium,,"CIHR: up to CA$200,000/yr, max CA$1,000,000 per grant; about CA$3M total (about 3 grants)",Up to 5 years (start Jan 2027),Dominican Republic; Jamaica; Armenia; India; Thailand; Vietnam; Philippines; Uganda; Zimbabwe; Botswana,"LMIC is defined by the World Bank, so all 10 map countries qualify as research settings. CIHR funds the Canadian side, which needs a Canadian nominated PI. LMIC teams are typically funded by their own GACD member agency, if their country has one, or through the Canadian grant. Stage 1 has passed.",Stage 1 June 2026 (passed); Stage 2 late Oct/early Nov 2026 (invited only); funding starts Jan 2027,Closed to new entrants (in Stage 2). Expected — GACD runs recurring joint calls.,"Implementation research on NCD prevention, screening and continuity of care, using settings and sectors beyond the formal health system (communities, NGOs, faith-based groups) in LMICs and underserved high-income-country populations.",CIHR Team Grant (IPPH and ICRH pools). Other GACD member agencies fund their own national components (see gacd.org).,Use the GACD collaborator forum to find partners for the next call. Check whether your country's research council is a GACD member.,https://cihr-irsc.gc.ca/e/54557.html
Foreign governments & research councils,"Grand Challenges Canada — Nexa (climate × health), Nexa Lighthouse (Asia-Pacific), Being (youth mental health); former Stars in Global Health",Grand Challenges Canada (funded by Global Affairs Canada),Canada,Next cycle expected,,Medium,,Varies by RFP,Typically 1–3 years,Dominican Republic; Jamaica; India; Thailand; Vietnam; Philippines; Uganda; Zimbabwe; Botswana,"Eligible countries are defined per call. The 2026 Nexa call covered Africa, Latin America and the Caribbean (so Uganda, Zimbabwe, Botswana, DR and Jamaica could qualify). Being covered 12 countries including India and Vietnam. Nexa Lighthouse (with AVPN) targets Asia-Pacific.",No open opportunities as of Aug–Sep 2026. Nexa Proof of Concept closed 22 Jul 2026; Transition to Scale closed 12 Aug 2026; Being closed 31 Mar 2026.,Closed — Nexa Lighthouse (Asia-Pacific climate-health) launching; watch for a call,Innovation grants for 'bold ideas with big impact': Proof of Concept and Transition to Scale funding for locally led health innovations. The 2026 calls covered climate-driven health risks and youth mental health.,Proof of Concept; Transition to Scale; thematic RFPs (the former open 'Stars in Global Health' has been replaced by thematic calls),Sign up for the GCC newsletter. Applications go through the Fluxx portal (gcc.fluxx.io) when a call opens; unsolicited proposals are not accepted.,https://www.grandchallenges.ca/apply-for-funding/
Foreign governments & research councils,NIHR Global Health Research (GHR) Themed Programme 2026 — Tackling bacterial and fungal antimicrobial resistance in sub-Saharan Africa and South Asia,"UK National Institute for Health and Care Research (NIHR), Department of Health and Social Care ODA",UK,Next cycle expected,,Medium,,"£500,000–£5m overall; Band 3 £500,000–£1.5m (10–20% for capacity strengthening)",Band 3 up to 3 years; larger bands longer,India; Uganda; Zimbabwe; Botswana,"From 2026 NIHR global health funding is restricted to ODA-eligible countries in SUB-SAHARAN AFRICA and SOUTH ASIA. The Dominican Republic, Jamaica, Armenia, Thailand, Vietnam and the Philippines are therefore out of scope for new NIHR calls. LMIC institutions can lead (Band 3 explicitly allows a sole LMIC lead). The UK cut ODA to 0.3% of GNI by 2027, which drove the narrowing.",Outline stage closed 8 Jul 2026; full applications (invited only) close Dec 2026. The next annual theme is expected in 2027.,Closed to new outlines (2026). Expected — a new theme is advertised each year.,"Applied health research — including later-stage trials and implementation research — on antimicrobial stewardship, preventing AMR infections and improving AMR-related outcomes for WHO-priority bacterial and fungal pathogens. The theme will change each year under a new global-health-security focus.","Researcher-led, 2-stage call in three bands. Band 3 is for new or early-career-led teams or single-setting projects and can be led by a sole LMIC lead applicant or jointly. Bands 1–2 are for larger programmes up to £5m.",Watch the NIHR GHR Themed Programme page for the 2027 theme. Build an AMR/global-health-security team with a UK or regional partner. Apply through the NIHR Research Management System.,https://www.nihr.ac.uk/global-health/funding-programmes/ghr-themed
Foreign governments & research councils,Research Council of Norway — Researcher Project for Early Career Scientists on Global Health and Development Research (+ Pre-projects on Global Health),"Research Council of Norway (Forskningsrådet), with Norad/Ministry of Foreign Affairs ODA",Norway,Next cycle expected,,Medium,,"NOK 4–10 million per project (NOK 120m pot in 2026); pre-projects up to NOK 250,000",36–48 months,India; Vietnam; Philippines; Uganda; Zimbabwe,"The Project Owner must be an approved NORWEGIAN research organisation, and the project manager must have defended a PhD between 11 Mar 2019 and 1 Jun 2024. Partners from LDC/LIC/LMIC countries on the DAC list are REQUIRED, with joint scientific leadership and a fair share of funds. Upper-middle-income partners (DR, Jamaica, Armenia, Thailand, Botswana) can join but share at most 20% of funding with high-income partners.",2026 call closed 27 May 2026 (projects start Mar–Dec 2027),Closed (2026). Expected — recurring call.,"Early-career-led research on health inequalities, health security, poverty and development, with equitable joint leadership by partners in low- and lower-middle-income countries. Pre-project grants fund partnership building and proposal writing.","Researcher Project for Early Career Scientists; Pre-projects on Global Health (up to NOK 250,000)","Find a Norwegian early-career partner (the University of Bergen, University of Oslo and NTNU all run global health groups). Apply for a pre-project to co-develop the proposal.",https://www.forskningsradet.no/en/call-for-proposals/2026/researcher-project-for-early-career-scientists-on-global-health-and-development-research/
Foreign governments & research councils,Solution-oriented Research for Development (SOR4D) — Phase 2 (2026–2031),Swiss National Science Foundation (SNSF) and Swiss Agency for Development and Cooperation (SDC),Switzerland,Next cycle expected,,Medium,,CHF 22.4 million total for Phase 2 (per-project amount in the call document),3–4 years (+12–24 months possible),Dominican Republic; Jamaica; Armenia; India; Thailand; Vietnam; Philippines; Uganda; Zimbabwe; Botswana,"Open to ODA-eligible (OECD DAC list) countries. A Swiss research partner AND a non-academic practice partner (government, civil society or private) in the ODA country are required.",Pre-proposals closed 18 May 2026,"Closed (2026 pre-proposal round); Phase 2 runs to 2031, so further calls are possible","Transdisciplinary, solution-oriented research by mixed consortia (Swiss researchers + ODA-country researchers + non-academic practice partners) on the SDGs, including human development and health.","Two-stage (pre-proposal, then full proposal) consortium grants; Transformation Accelerating Grants (12–24 months extra for scaling)","Build a Swiss partnership (e.g., Swiss TPH, University of Bern). Monitor sor4d.ch and the SNSF 'Open calls' page; submit via mySNF.",https://www.snf.ch/en/Fb19rz5iYXpbuPyy/funding/programmes/sor4d-programme
Foreign governments & research councils,AI4D Africa (Artificial Intelligence for Development),IDRC (Canada) and Sida (Sweden),Canada,Check status,,Medium,yes,Varies by call,Varies,Uganda; Zimbabwe; Botswana,Africa only; calls are issued through AI4D partner hubs.,Per call,Uncertain — check ai4d.ai for open calls,"African AI capacity: PhD and postdoc fellowships, innovation and policy research networks, and university AI labs — including responsible AI for health.",Fellowships; network and lab grants run by African partner hubs,Monitor ai4d.ai and IDRC alerts.,http://ai4d.ai
Foreign governments & research councils,Australia — NHMRC (incl. GACD participation) and DFAT 'Partnerships for a Healthy Region',National Health and Medical Research Council; Department of Foreign Affairs and Trade,Australia,Check status,,Medium,,Varies,Varies,Thailand; Vietnam; Philippines,NHMRC requires an Australian-based chief investigator. DFAT's regional focus fits the Southeast Asian map countries.,NHMRC annual scheme calendar,Uncertain — not verified for 2026,"NHMRC funds Australian-led research, including international collaborations and GACD calls. DFAT funds health-security and health-system programmes in Southeast Asia and the Pacific (not open research grants).",NHMRC Investigator/Ideas/Synergy grants and international schemes; DFAT programme partnerships,"Partner with Australian institutions (e.g., the Burnet Institute, Kirby Institute or George Institute) that have Southeast Asian programmes.",https://www.nhmrc.gov.au/funding
Foreign governments & research councils,Belgium — VLIR-UOS university cooperation and ITM–DGD framework programme,VLIR-UOS; Institute of Tropical Medicine Antwerp (ITM) with Belgian Development Cooperation (DGD),Belgium,Check status,,Medium,,Varies,Varies,Vietnam; Philippines; Uganda,"VLIR-UOS works with a defined list of partner countries; Uganda, Philippines and Vietnam have historically been included (verify the current list). Flemish university partners are required for projects. ITM scholarships for its master's in public health and tropical medicine are open to LMIC health professionals.",Per call,Uncertain — not verified for 2026,"Institutional university cooperation, joint research projects, scholarships (master's and PhD) and ITM's capacity-strengthening partnerships in tropical medicine and public health.",Calls for projects and scholarships; ITM institutional partnerships,Check vliruos.be/en/calls and ITM's scholarship pages.,https://www.vliruos.be/en/calls
Foreign governments & research councils,"Germany — BMFTR (formerly BMBF) global health programmes, DFG international cooperation, DAAD scholarships, Else Kröner-Fresenius-Stiftung, GIZ","BMFTR (Federal Ministry of Research, Technology and Space); DFG; DAAD; Else Kröner-Fresenius-Stiftung (private foundation); GIZ",Germany,Check status,,Medium,,Varies,Varies,Dominican Republic; Jamaica; Armenia; India; Thailand; Vietnam; Philippines; Uganda; Zimbabwe; Botswana,BMFTR and DFG normally require a German-based lead applicant. DAAD offers individual scholarships to LMIC researchers. Germany has cut its development and humanitarian budgets since 2024 (verify 2026 levels). No specific 2026 health call was verified in this review.,Per programme,Uncertain — not verified for 2026,"BMFTR: research networks and product development for neglected and poverty-related diseases, mainly with African partners. DFG: bilateral cooperation and 'initiation of international collaboration' for German-based researchers. DAAD: scholarships and research stays for scientists from developing countries. EKFS (private): medical research partnerships, historically including LMIC clinical research. GIZ: implementation, not research grants.",Programme calls (BMFTR); DFG individual grants with international components; DAAD scholarships; EKFS grant programmes,LMIC clinicians: search the DAAD scholarship database for research stays. Find German partners for DFG/BMFTR calls.,https://www.daad.de/en/studying-in-germany/scholarships/
Foreign governments & research councils,Global Brain and Nervous System Disorders Research Across the Lifespan (R21 exploratory / R01),US NIH — Fogarty International Center with partner NIH institutes,USA,Check status,,Medium,,"R21: NIH standard is up to US$275,000 direct over 2 years (confirm in the NOFO); R01 larger",R21 up to 2 yrs; R01 up to 5 yrs,Dominican Republic; Jamaica; Armenia; India; Thailand; Vietnam; Philippines; Uganda; Zimbabwe; Botswana,"Historically required a US–LMIC collaboration, with LMIC institutions able to apply directly or as a foreign component. A US-led application with an LMIC partner must now use the PF5/RF2 structure (the LMIC partner receives its own linked RF2 award).",PAR-25-456 had an estimated due date of 24 Feb 2026; later dates not confirmed,Uncertain — not listed on Fogarty's deadline page as of Sep 2026,"Collaborative research on nervous-system development, function and disorders (neurological, mental health, substance use) relevant to LMICs across the life course.",R21 exploratory/developmental (PAR-25-456); R01,Read PAR-25-456 on grants.nih.gov for remaining due dates. Contact the Fogarty program officer before preparing a proposal.,https://www.fic.nih.gov/Programs/Pages/brain-disorders.aspx
Foreign governments & research councils,Korea — KOICA and KOFIH (Korea Foundation for International Healthcare) health programmes and fellowships,"Korea International Cooperation Agency (KOICA); Korea Foundation for International Healthcare (KOFIH, Ministry of Health and Welfare)",South Korea,Check status,,Medium,,Not stated (in-kind training costs),Weeks to months,Vietnam; Philippines; Uganda,"Partner-country lists vary; historically these include Vietnam, the Philippines and several African countries such as Uganda (verify the current list). Candidates are usually nominated through the Ministry of Health.",Not verified,Uncertain,"Bilateral health-system projects and health-workforce training. KOFIH runs fellowships and training for health professionals from partner countries (e.g., the HW Lee Jong-wook fellowship).",Fellowships and training in Korea; bilateral projects,Ask your Ministry of Health or the KOICA country office about nominations.,https://www.kofih.org/en
Foreign governments & research councils,SATREPS — Science and Technology Research Partnership for Sustainable Development (infectious-disease track run by AMED),"Japan Agency for Medical Research and Development (AMED) / Japan Science and Technology Agency (JST), with JICA",Japan,Check status,,Medium,,"Not stated here (multi-year, per-project budgets in the call)",Typically 3–5 years,Dominican Republic; Jamaica; Armenia; India; Thailand; Vietnam; Philippines; Uganda; Zimbabwe; Botswana,"Requires a JAPANESE principal investigator AND a matching government-to-government ODA request, so planning takes more than a year. All ODA-eligible countries can in principle take part.",Annual (autumn call is typical) — not verified for FY2027,Uncertain — not verified,Joint Japan–ODA-country research projects. AMED runs the infectious-disease track; JICA funds the partner-country side as technical cooperation.,Annual call to Japanese PIs; the partner country must submit an official technical-cooperation request through its government to JICA,Build a partnership with a Japanese university researcher. Coordinate early with your Ministry and the JICA country office about the official request.,https://www.jst.go.jp/global/english/
Foreign governments & research councils,Sida research cooperation (and Swedish Research Council development research),Swedish International Development Cooperation Agency (Sida); Swedish Research Council (Vetenskapsrådet),Sweden,Check status,,Medium,,Varies by partner,Varies,India; Vietnam; Philippines; Uganda; Zimbabwe,Individual projects are supported only through Sida's partner organisations. Map countries mainly benefit via global partner calls. The Swedish Research Council's 2026 development-research call was not verified.,Per partner call,Uncertain — Swedish aid is being reprioritised; bilateral research cooperation limited to 6 countries,"Sida builds national research systems through bilateral university partnerships ('sandwich' PhDs) in Bolivia, Cambodia, Ethiopia, Mozambique, Rwanda and Tanzania, and funds global partners (EDCTP, TDR, the Alliance for Health Policy and Systems Research, AI4D, JPIAMR, OWSD, TWAS, IFS). The Swedish Research Council's development-research grants require Swedish-based PIs.","Bilateral programmes (none in map countries); calls issued by Sida-supported partners (e.g., AHPSR, OWSD fellowships, JPIAMR, AI4D)","Use Sida's 'Research calls and grants' page to reach partner calls (AHPSR, OWSD, JPIAMR).",https://www.sida.se/en/for-partners/research-partners
Foreign governments & research councils,Danida research grants (FFU) — Research collaboration projects in Danida priority countries,Danida Fellowship Centre (DFC) for the Danish Ministry of Foreign Affairs,Denmark,Paused,,Medium,,Up to DKK 10 million per project (about €1.34m),Up to 5 years,Vietnam; Uganda,"The application must be submitted jointly with partners in the eligible countries. The 2026 list: Algeria, Bangladesh, Ethiopia, Egypt, Ghana, Kenya, Morocco, Nigeria, Palestine, Rwanda, Senegal, Somalia, South Africa, Tanzania, Tunisia, Uganda, Vietnam. A Danish university partner is required.",2026 round delayed by the Danish election and government formation (revised timeline on the DFC site). Dates for the next call are expected in early 2027.,Paused/Delayed,"Collaborative development research between Danish institutions and institutions in selected partner countries, including health, with capacity strengthening.","Two-phase call: Phase 1 project idea / prequalification, then Phase 2 full application","Contact potential Danish partners (e.g., University of Copenhagen Global Health Section). Monitor dfcentre.com and the SurveyMonkey Apply portal.",https://dfcentre.com/research/calls-for-applications/
Foreign governments & research councils,UKRI Medical Research Council (MRC) — global health (Applied Global Health Research Board closed; partnership and research grants with LMIC co-investigators),UK Research and Innovation — Medical Research Council,UK,Paused,,Medium,,Varies,Varies,Dominican Republic; Jamaica; Armenia; India; Thailand; Vietnam; Philippines; Uganda; Zimbabwe; Botswana,"The Applied Global Health Research Board no longer accepts new applications. Standard MRC grants require a UK-based lead, with LMIC researchers as co-investigators; ODA-compliance rules apply to any ISPF/ODA money. The UK Department for Science, Innovation and Technology (DSIT) has a limited ODA allocation for 2026/27–2028/29.",Standard MRC board deadlines for applicant-led grants,Paused (dedicated global health board) — strategy under refresh,"Previously applied global health research and partnerships (Applied Global Health Research, Applied Global Health Partnership). The MRC global health strategy is being refreshed toward its core remit of biomedical discovery and early translation.",MRC research grant (applicant-led) and MRC partnership grant (applicant-led); ISPF-funded international calls when available,Partner with a UK MRC-funded PI as co-investigator. Watch UKRI 'Funding finder' for new global health or ISPF calls.,https://www.ukri.org/what-we-do/browse-our-areas-of-investment-and-support/applied-global-health/
Foreign governments & research councils,JSPS RONPAKU (dissertation PhD) and JICA training/scholarships,Japan Society for the Promotion of Science (JSPS); JICA,Japan,Next cycle expected,,Low,,Not applicable / varies,Varies,India; Thailand; Vietnam; Philippines; Uganda; Zimbabwe,JSPS states there will be NO open RONPAKU calls from FY2025 onward. JICA programmes are nominated through governments and JICA country offices.,Not applicable,Closed (RONPAKU). JICA training: Uncertain (government nomination).,RONPAKU supported Asian and African researchers to earn a Japanese PhD by dissertation without enrolling. JICA offers Knowledge Co-Creation training and degree scholarships for public servants and health professionals.,RONPAKU (discontinued); JICA training and scholarships,"For JICA training, contact the JICA country office or your Ministry of Health.",https://www.jsps.go.jp/english/e-ronpaku/
Foreign governments & research councils,EU DG INTPA (International Partnerships) / Global Gateway health investments,European Commission — DG International Partnerships,EU,Check status,,Low,,Varies,Varies,Dominican Republic; Jamaica; Armenia; India; Thailand; Vietnam; Philippines; Uganda; Zimbabwe; Botswana,Mostly government and large NGO partners. Research calls are occasional and posted by EU Delegations.,Per call,Uncertain — no health-research-specific call verified,"Bilateral and regional health-system, vaccine-manufacturing and health-security programmes with partner governments (Team Europe Initiatives). Grants for civil society and research come through country-level calls.",Calls for proposals on the EU Funding & Tenders Portal; delegated cooperation,Monitor your EU Delegation's calls on the EU Funding & Tenders Portal (filter 'INTPA').,https://international-partnerships.ec.europa.eu/
Foreign governments & research councils,"FCDO (Foreign, Commonwealth & Development Office) research and health programmes","UK Foreign, Commonwealth & Development Office",UK,Check status,,Low,,Large (multi-million-pound consortia),Multi-year,India; Uganda; Zimbabwe,The UK is cutting ODA to 0.3% of GNI by 2027 and reprioritising toward fewer countries and themes; bilateral health programmes are shrinking. The countries listed are where FCDO historically had health programming; verify current priorities.,Per tender,Uncertain — major reductions under way,"Large commissioned research programmes and consortia, plus contributions to product-development partnerships and multilaterals. FCDO does not offer open investigator grants.",Competitive tenders and contracts (Find a Tender / Contracts Finder); accountable grants to consortia,Join consortia led by established research institutions responding to FCDO tenders. Monitor GOV.UK Find a Tender.,https://www.gov.uk/government/organisations/foreign-commonwealth-development-office
Foreign governments & research councils,GHIT Fund (Global Health Innovative Technology Fund),"Japanese government (MOFA, MHLW) + pharma + Gates Foundation/Wellcome public-private partnership",Japan,Check status,,Low,,Varies by RFP (typically hundreds of thousands to several million US$),Varies,Dominican Republic; Jamaica; Armenia; India; Thailand; Vietnam; Philippines; Uganda; Zimbabwe; Botswana,"Partnerships generally must include a Japanese entity. Suited to lab and clinical-development groups, not small clinical projects.",Per RFP,Uncertain — RFP status not verified for 2026,"Product development for malaria, TB, NTDs and other neglected diseases: drugs, vaccines and diagnostics from hit-to-lead through clinical development.","Requests for proposals (RFPs), e.g., Product Development Platform, Hit-to-Lead",Check GHIT's RFP page. Partner with Japanese pharma or academia.,https://www.ghitfund.org/funding/rfp
Foreign governments & research councils,L'Initiative (Expertise France) and AFD health funding,French Ministry for Europe and Foreign Affairs via Expertise France (L'Initiative) and the Agence Française de Développement (AFD),France,Check status,,Low,,Varies by call,Varies,Vietnam,"Primarily francophone Africa, plus some Southeast Asian and other Global Fund countries. Most map countries are outside its core geography; check each call's country list.",Per call,Uncertain — no open call verified for map countries,"L'Initiative complements the Global Fund with technical assistance and catalytic project funding (HIV, TB, malaria, HPV/cervical cancer, community health, human resources for health, operational research). AFD funds health-system projects through governments and NGOs.",Calls for proposals for catalytic projects; technical-assistance requests,Check the 'Calls for proposals' page on linitiative.expertisefrance.fr.,https://linitiative.expertisefrance.fr/en/
Foreign governments & research councils,Netherlands — NWO-WOTRO Science for Development and Dutch Ministry of Foreign Affairs research funding,Dutch Research Council (NWO-WOTRO); Ministry of Foreign Affairs,Netherlands,Check status,,Low,,Varies,Varies,Uganda,The Dutch government announced deep structural cuts to development cooperation from 2025 onward and a narrower focus on Dutch interests (verify 2026 status of WOTRO calls). Most WOTRO programmes needed a Dutch lead or co-lead.,Not verified,Uncertain — likely reduced,"Development research programmes co-funded by the Ministry of Foreign Affairs (e.g., sexual and reproductive health and rights, food security, water), usually through Dutch-led consortia with Global South partners.",Programme calls,Monitor NWO calls (filter 'WOTRO').,https://www.nwo.nl/en/researchprogrammes/wotro-science-for-development
Foreign governments & research councils,"Other UK ISPF / GCRF / Newton legacy schemes — Royal Society, British Academy, British Council",Royal Society; British Academy; British Council (via DSIT's International Science Partnerships Fund),UK,Check status,,Low,,Varies (the archived Royal Society GCRF International Collaboration Awards offered up to £75k/yr for 3 years; the ISPF version up to £225k over 3 years),Varies,India; Thailand; Vietnam; Philippines; Uganda,Usually a UK-based lead with an overseas co-applicant. Royal Society schemes exclude most clinical and interventional human research. The GCRF and Newton Fund have closed. ISPF ODA money is constrained by the UK ODA cut to 0.3% of GNI by 2027. Country lists vary by scheme; the map countries shown are those on current ISPF priority lists.,Varies by scheme,Uncertain — the GCRF-era Royal Society ICA page is archived; ISPF allocations for 2026/27 are limited,"International collaboration and mobility schemes (e.g., Royal Society International Collaboration Awards, British Academy networking, British Council partnership programmes) that succeeded the Global Challenges Research Fund (GCRF) and Newton Fund.","Collaboration awards, networking grants, institutional partnership grants",Check each academy's grants calendar and partner with a UK lead.,https://www.ukri.org/what-we-do/browse-our-areas-of-investment-and-support/international-science-partnerships-fund/
Foreign governments & research councils,"South–South and Gulf donors — China, Singapore, Thailand (TICA), Saudi Arabia (KSrelief), Qatar Fund for Development, Islamic Development Bank","Various (TICA, KSrelief, QFFD, IsDB, Chinese and Singaporean agencies)","Multiple (Thailand, China, Singapore, Saudi Arabia, Qatar, IsDB)",Check status,,Low,,Varies,Varies,India; Vietnam; Philippines; Uganda,"Uganda is an IsDB member country. TICA training courses target Asian, African and other developing countries. Details were not verified for 2026.",Varies,Uncertain,"Mainly humanitarian aid, infrastructure, training courses and scholarships. TICA offers annual international training courses and scholarships, including public health. IsDB funds health projects in member countries and has science/technology grant programmes. None is a significant investigator-research funder for these countries.","Training courses, scholarships, loans and grants to governments","For TICA courses, check the TICA website and apply through the Thai embassy or your government focal point.",https://tica-thaigov.mfa.go.th/en/index
Foundations & charities,IAS CIPHER Research Grant Programme 2026/2027,International AIDS Society (IAS),,Open now,2026-09-30,High,,"Up to USD 140,000",2 years,Dominican Republic; Jamaica; Armenia; India; Thailand; Vietnam; Philippines; Uganda; Zimbabwe; Botswana,"For investigators in countries with limited resources for HIV research; requires terminal research degree, institutional support letter and mentor commitment letter. Confirm the eligible-country list in the call PDF.","Letter of intent due 30 Sep 2026, 18:00 CEST; shortlist notified Nov 2026",Open - closes 30 Sep 2026 (during the conference),"Early-stage investigators addressing paediatric and adolescent HIV research gaps; 2026 focus: prevention of vertical transmission, adolescent HIV prevention, co-morbidities (cardiometabolic, hepatitis, TB).",CIPHER Research Grant (letter of intent then invited full proposal),Read the Call for LOI and FAQs; submit at applications.iasociety.org (English or French).,https://www.iasociety.org/grants/cipher-grant-programme-2026-2027
Foundations & charities,Conquer Cancer International Innovation Grant (IIG),"Conquer Cancer, the ASCO Foundation",,Next cycle expected,,High,,"Up to USD 20,000 (two instalments)",1 year (award term 1 Apr 2027-1 Apr 2028),Dominican Republic; Jamaica; Armenia; India; Thailand; Vietnam; Philippines; Uganda; Zimbabwe; Botswana,"Applicant organisation: registered non-profit or government agency in a World Bank low, lower-middle or upper-middle income country, with 1+ year of operations. PI: ASCO member (free membership for physicians in low and lower-middle income countries), citizen/permanent resident living in that country.",2027 cycle: LOI deadline 28 Aug 2026 (passed); invited full applications due 11 Dec 2026,Closed to new LOIs - next LOI window expected ~Jul-Aug 2027,"Novel, hypothesis-driven cancer control projects in LMICs with potential to reduce local cancer burden and transfer to other LMIC settings.",IIG (letter of intent then invited full proposal),Become an ASCO member now; watch asco.smapply.org from July 2027.,https://www.asco.org/career-development/grants-awards/funding-opportunities/international-innovation-grant
Foundations & charities,Grand Challenges AI calls (Catalyzing Equitable AI Use; AI-Enabled Family Planning; AI for Charitable Giving),Gates Foundation,,Next cycle expected,,High,yes,"2023 equitable-AI round: up to USD 100,000; 2026 AI family planning: up to USD 500,000 (12 months, indirects max 15%)",Typically 12-18 months,Dominican Republic; Jamaica; Armenia; India; Thailand; Vietnam; Philippines; Uganda; Zimbabwe; Botswana,Eligibility is call-specific: the 2026 family planning call required existing user cohorts in listed SSA countries (none of the 10 map countries). Future AI calls may be global.,AI family planning: 21 Jul - 25 Aug 2026 (closed). AI charitable giving: closed Apr 2026. No AI call open as of 26 Sep 2026.,"Expected - Gates announced (15 Sep 2026, Goalkeepers report) at least USD 1 billion over 2 years for AI (~40% health, ~40% education, ~10% agriculture, ~10% digital infrastructure incl. local-language datasets); new AI RFPs are likely but not yet posted.",AI/LLM-specific Grand Challenges. The 2023 'Catalyzing Equitable AI Use' round funded ~50 LMIC projects testing LLMs in health and agriculture (up to USD 100k each). 2026 calls: AI-enabled consumer engagement for family planning (sub-Saharan Africa) and AI to accelerate charitable giving.,Grand Challenges RFPs tagged 'Artificial Intelligence',Subscribe to Grand Challenges alerts; filter the 'Artificial Intelligence' topic on gcgh.grandchallenges.org; prepare a 2-page concept on an LLM/AI use case in your clinical setting so you can respond within the typical 4-6 week window.,https://gcgh.grandchallenges.org/challenge/catalyzing-equitable-artificial-intelligence-ai-use
Foundations & charities,ISN Clinical Research Program,International Society of Nephrology,,Next cycle expected,,High,,Not stated on page (see guidelines PDF),Not stated,Dominican Republic; Jamaica; Armenia; India; Thailand; Vietnam; Philippines; Uganda; Zimbabwe; Botswana,"ISN members from low-, lower-middle- and upper-middle-income countries (World Bank). Must send an abstract to the ISN Regional Coordinator first.",Abstract to Regional Coordinator by 1 Mar; full application by 1 May (annual),"Closed - next: abstract by 1 Mar 2027, application by 1 May 2027","Research and education projects detecting/managing CKD, AKI, hypertension, diabetes and cardiovascular disease, involving nephrologists, health workers and local authorities; plus a scientific writing course.",ISN Clinical Research General Program; French-speaking Africa track; Scientific Writing Course,Join ISN; download the abstract template; email your Regional Coordinator; register at programs.theisn.org.,https://www.theisn.org/in-action/grants/isn-clinical-research/
Foundations & charities,Thrasher Research Fund Early Career Award (and E.W. 'Al' Thrasher Award),Thrasher Research Fund,,Next cycle expected,,High,,"Up to USD 25,000 direct + 7% indirect (max USD 26,750); up to USD 12,500 may cover salary",Up to 2 years,Dominican Republic; Jamaica; Armenia; India; Thailand; Vietnam; Philippines; Uganda; Zimbabwe; Botswana,No citizenship restrictions; institutions inside and outside the US. Physicians in residency/fellowship or within 1 year of completion; postdocs within 3 years of doctorate (non-US training systems discussed case by case). Mentor required; IRB approval within 6 months of award.,Fall 2026 concept deadline was 1 Sep 2026 (closed). Next: Spring 2027 concept paper due 16 Mar 2027; Fall 2027 due 30 Aug 2027.,Closed for Fall 2026 - next deadline 16 Mar 2027,"Small grants for new child-health researchers (mostly development-stage clinical research, some implementation science) working with a mentor. The larger Al Thrasher Award funds established pediatric researchers.","Early Career Award (two cycles/year, up to 16 awards each); E.W. 'Al' Thrasher Award",Download the concept paper template; submit via portal.thrasherresearch.org; research managers will discuss ideas beforehand.,https://www.thrasherresearch.org/early-career-award?lang=eng
Foundations & charities,Rotary Foundation Global Grants and District Grants (incl. Global Grant Scholarships),The Rotary Foundation,,Invitation / network,,High,,"Global grant budgets: minimum USD 30,000, maximum USD 400,000 (per 2026 guides); district grants smaller",Typically 1-3 years,Dominican Republic; Jamaica; Armenia; India; Thailand; Vietnam; Philippines; Uganda; Zimbabwe; Botswana,"Only Rotary/Rotaract clubs can apply: needs a host club in-country and an international partner club, both qualified (Grant Management Seminar). Projects must be sustainable, measurable and community-driven; pure research is not the aim, but service projects with evaluation fit well.",Rolling - applications accepted year-round,Rolling,"Humanitarian projects, vocational training teams and graduate scholarships in Rotary areas of focus, including disease prevention and treatment and maternal and child health. District grants fund smaller local activities.","Global Grants (projects, vocational training teams, graduate scholarships e.g., MPH); District Grants; Programs of Scale","Contact your local Rotary club's Foundation chair; co-design a project (e.g., screening + evaluation) with a partner club abroad (e.g., clubs near the conference host institution); the club submits in the My Rotary Grant Center.",https://www.rotary.org/get-involved/our-programs/grants
Foundations & charities,ISID Research Capacity Building Grants,International Society for Infectious Diseases (Gates-supported),,Paused,,High,,Not stated for next cycle,Not stated,India; Uganda; Zimbabwe,LICs and LMICs only - Philippines and Vietnam were reclassified to upper-middle income in July 2026 and may no longer qualify.,Next funding cycle 'to be announced',Paused/Expected - date TBD,Seed grants plus mentorship for early-career infectious disease/AMR/IPC/epidemiology researchers in low- and lower-middle-income countries; funding to present results at an ISID event.,Research Capacity Building Grant (successor to ISID Small Grants),"Subscribe to the ISID newsletter; prepare proposal, CV, references and budget in advance.",https://isid.org/research/isid-research-capacity-building-grants/
Foundations & charities,RSTMH Early Career Grants Programme,Royal Society of Tropical Medicine and Hygiene,,Paused,,High,,"Up to GBP 5,000",Short projects,Dominican Republic; Jamaica; Armenia; India; Thailand; Vietnam; Philippines; Uganda; Zimbabwe; Botswana,Historically open internationally with emphasis on LMIC-based early-career researchers; check membership requirements when reopened.,2026 programme opening paused (announced Jan 2026); date unknown,Paused - RSTMH hoped to reopen in 2026,"First grants for people who have not held equivalent research funding in their own name; any area of tropical medicine or global health (lab, clinical, implementation, policy).",Early Career Grants,Monitor rstmh.org/grants; consider RSTMH membership.,https://www.rstmh.org/grants
Foundations & charities,Global Grand Challenges (topic-specific RFPs),Gates Foundation,,Open now,2026-09-29,Medium,,"Pathogen sequencing call: Tier 1 up to USD 300,000; Tier 2 up to USD 600,000; Tier 3 up to USD 800,000 (~15 awards). Other RFPs vary.","Pathogen sequencing: up to 24 months (Tier 1-2), up to 36 months (Tier 3)",Dominican Republic; Jamaica; Armenia; India; Thailand; Vietnam; Philippines; Uganda; Zimbabwe; Botswana,"Open globally to research institutes, NGOs, companies, international orgs, government agencies, academic institutions; LMIC-led consortia encouraged. Individuals not eligible. Each RFP sets its own scope (some are geography-restricted, e.g., sub-Saharan Africa only).","Pathogen sequencing RFP: opened 18 Aug 2026, deadline 29 Sep 2026, 11:30 am PDT. New RFPs are posted several times a year.",Open (closes 29 Sep 2026 - during the conference); then watch for next RFPs,"Short, topic-specific open calls for innovative solutions to global health and development problems (diagnostics, pathogen genomics, nutrition, AI). Open call live during the conference: 'Innovations in Low-Cost and Simplified Pathogen Sequencing Workflows' (co-funded with Temasek Foundation, managed by UN Foundation).",Grand Challenges RFPs (current: Low-Cost Pathogen Sequencing Tier 1/2/3). Note: the old rolling 'Grand Challenges Explorations' USD 100k rounds are no longer run in that form; calls are now topic-specific RFPs.,"Check gcgh.grandchallenges.org/grant-opportunities; read RFP, rules and application instructions; submit via submit.gatesfoundation.org. First step: sign up for Grand Challenges email alerts.",https://gcgh.grandchallenges.org/grant-opportunities
Foundations & charities,Novo Nordisk Foundation global health (incl. partnership with Global Health EDCTP3),Novo Nordisk Foundation,,Open now,,Medium,,Varies by call,Varies,India; Uganda; Zimbabwe; Botswana,EDCTP3 calls require African-European consortia (SSA). Most NNF open calls require a Denmark/Nordic-based applicant. NNF has branch offices in Nairobi and New Delhi.,EDCTP3 2026 LRTI call - check EDCTP3 portal for dates,Open/Expected via EDCTP3 work programmes 2026-2027 - verify call dates,"Global health focus on NCDs, infection-NCD interaction, primary health care in East Africa, food systems and climate resilience; up to EUR 18M via Global Health EDCTP3, including a 2026 call on lower respiratory tract infections in sub-Saharan Africa.",Co-funded Global Health EDCTP3 calls; NNF open-competition calls (mostly Nordic-led); stand-alone initiatives,Check global-health-edctp3.europa.eu calls; join a consortium with a European partner.,https://novonordiskfonden.dk/en/news/novo-nordisk-foundation-and-global-health-edctp3-launch-partnership-to-advance-global-health-research/
Foundations & charities,Wellcome Early-Career Awards,Wellcome,,Open now,2026-11-10,Medium,,"Applicant salary + up to GBP 400,000 research expenses",Usually 5 years,Dominican Republic; Jamaica; Armenia; Thailand; Vietnam; Philippines; Uganda; Zimbabwe; Botswana,"Host in UK, Ireland or an LMIC (not India or mainland China); from 29 Oct 2026 restricted to UK + LMICs in Africa, South Asia, South-East Asia.",Current round: new-application registration closed 21 Jul 2026; administering-organisation submission by 10 Nov 2026. Later rounds follow Wellcome's published calendar.,Open only for applicants already registered; next round subject to the new geographic rules,Early-career researchers (any discipline) developing their research identity through an innovative project; covers salary plus research costs.,Early-Career Award,Check the scheme page for the next round; start early in the Wellcome Funding portal (institutional sign-off required).,https://wellcome.org/research-funding/schemes/wellcome-early-career-awards
Foundations & charities,Azim Premji Foundation Grants,Azim Premji Foundation,,Rolling,,Medium,,From a few lakh rupees to a few tens of crores,1-10 years (most 3-4 years),India,Indian registered non-profit organisations; programme/implementation rather than academic research.,Rolling,Rolling,"Grants to Indian civil society organisations of all sizes, including health-adjacent areas (disability & mental health, children, gender justice); priority states include Andhra Pradesh, Bihar, Eastern UP, Northeast, Odisha, Telangana.",Organisational/programme grants (online 'Apply for a Grant'),Use 'Apply for a Grant' on azimpremjifoundation.org; best via a partner NGO for community health projects with evaluation.,https://azimpremjifoundation.org/who-we-are/how-we-are-organised/grants/
Foundations & charities,Wellcome Career Development Awards,Wellcome,,Rolling,2026-10-28,Medium,,"Research expenditure usually below GBP 250,000 per year (excluding applicant salary)",Usually 8 years,Dominican Republic; Jamaica; Armenia; Thailand; Vietnam; Philippines; Uganda; Zimbabwe; Botswana,"UK, Ireland, LMICs except India and mainland China until 28 Oct 2026; from 29 Oct 2026 only UK plus LMICs in Africa, South Asia, South-East Asia. Clinicians requesting salary should spend no more than 20% of time on non-research duties (40% clinical duties for clinical craft specialties). Permanent-post holders must be within 3 years of appointment.",Apply any time (scheme page also references a 17 Nov 2026 cut-off for some applicants),Rolling - DR/Jamaica/Armenia must apply by 28 Oct 2026,Mid-career researchers from any discipline ready to lead an ambitious research programme and become international research leaders.,Career Development Award,Discuss with your research office; submit via the Wellcome Funding portal.,https://wellcome.org/research-funding/schemes/wellcome-career-development-awards
Foundations & charities,Bloomberg Initiative to Reduce Tobacco Use - Tobacco Control Grants Program and Cessation Grants Program,Bloomberg Philanthropies (managed by Vital Strategies and Campaign for Tobacco-Free Kids),,Next cycle expected,,Medium,,Not stated on site,Varies,India; Vietnam; Philippines,"LMIC focus with round-specific priority country lists; India, Philippines and Vietnam have historically been priority countries - confirm each round.",Round 40 project-idea window closed; outcome notifications by 25 Sep 2026,Closed - next round expected; sign up for grant-round alerts,"Competitive grants for evidence-based tobacco control interventions aligned with the WHO FCTC (policy, enforcement, cessation). Other Bloomberg health programmes (Data for Health, road safety, drowning prevention) are partner-based.",Tobacco Control Grants Program (Round 40 just closed); Cessation Grants Program (Round 7),Register for alerts at tobaccocontrolgrants.org; submit a short Project Idea when the next round opens.,https://www.tobaccocontrolgrants.org/applications-for-grant-rounds
Foundations & charities,Coefficient Giving RFP: Global Health and Wellbeing in an Era of Transformative AI (formerly Open Philanthropy),Coefficient Giving (Open Philanthropy renamed Nov 2025),,Next cycle expected,,Medium,yes,USD 10-30M total; exploratory grants under USD 100k,Up to 2 years by default,Dominican Republic; Jamaica; Armenia; India; Thailand; Vietnam; Philippines; Uganda; Zimbabwe; Botswana,"Open globally to individuals, academic institutions, think tanks, nonprofits, some for-profits; LMIC-based applicants and newcomers to AI encouraged. Research must have a clear path to impact (policy/communication component).",Applications accepted until 21 Aug 2026 (rolling review),Closed to new applications (21 Aug 2026); follow-on 'AI for good' RFP possible. Coefficient's regular GHW funds are mostly invitation-based.,"Research, policy, field-building and implementation on how transformative AI will affect health and wellbeing of the global poor (e.g., LMIC clinical-trial/regulatory readiness, AI labour disruption, data public goods). Explicitly NOT 'AI for good' tool deployment - a follow-on RFP on that is flagged as possible.","Exploratory (<USD 100k), Standard (USD 100k-1M), Major (>USD 1M, EOI first)",Watch coefficientgiving.org/funds/global-health-wellbeing-opportunities and its Substack for the next RFP; exploratory grants need only a short form.,https://coefficientgiving.org/funds/global-health-wellbeing-opportunities/request-for-proposals-global-health-and-wellbeing-in-an-era-of-transformative-ai/
Foundations & charities,Grand Challenges India (GCI),BIRAC / DBT (Govt of India) with Gates Foundation,,Next cycle expected,,Medium,,2026 call: INR 50 lakh to INR 2 crore depending on stage,Up to 18 months (2026 call),India,"Indian academic/research institutions, public and private R&D organisations, start-ups, not-for-profits. Women-led projects encouraged.",2026 call: 12 May - 1 Jul 2026 (closed),Closed - further GCI calls expected; monitor BIRAC CFP page,"India-specific Grand Challenges on health innovation; 2026 call: 'Breakthrough Solutions and Cost-Disruptive Innovations for Screening and Diagnosis' (TB, emerging pathogens, syndromic testing, enteric pathogens; point-of-care, ultra-low-cost).",GCI calls for proposals via BIRAC,Monitor birac.nic.in/cfp.php; register on the BIRAC portal; partner with a medical college or start-up for diagnostics projects.,https://birac.nic.in/cfp.php
Foundations & charities,Rockefeller Foundation (health grants) and Bellagio Center Residency,The Rockefeller Foundation,,Next cycle expected,,Medium,,Residency: fully funded stay at Lake Como (not a cash research grant),Residency: several weeks,Dominican Republic; Jamaica; Armenia; India; Thailand; Vietnam; Philippines; Uganda; Zimbabwe; Botswana,Rockefeller does not accept unsolicited grant proposals. The Bellagio residency is open to academics/practitioners worldwide.,Bellagio 2027 residency call closed 20 Mar 2026,Closed - next Bellagio call expected around early 2027,"Health grantmaking is largely proactive (Food is Medicine, health systems, AI in public service). The Bellagio Center Residency offers fully funded residencies for academics and practitioners to write/advance projects with social impact.",Programme grants (invitation); Bellagio Center Residency (open call),"Sign up for Bellagio Center updates at rockefellerfoundation.org; prepare a writing project (e.g., a synthesis paper from your field work).",https://www.rockefellerfoundation.org/fellowships-convenings/bellagio-center/residency-program/
Foundations & charities,UICC Technical Fellowships,Union for International Cancer Control (UICC),,Next cycle expected,,Medium,,Not stated here (covers travel and subsistence),Short-term,Dominican Republic; Jamaica; Armenia; India; Thailand; Vietnam; Philippines; Uganda; Zimbabwe; Botswana,"Cancer professionals worldwide; applicants from UICC member organisations had an earlier contact deadline. Applications in English, Spanish or French.",2026 call: 3 Apr-4 Jun 2026 (closed),Closed - next call expected ~Apr 2027,"Short-term training visits for cancer professionals to acquire specific skills at a host institution abroad (clinical, research, programme management).",Technical Fellowships (annual call); virtual fellowships for members,Identify a host institution and target skills; check the UICC fellowships page from spring 2027.,https://www.uicc.org/what-we-do/member-benefits/learning-and-development/fellowships/technical-fellowships
Foundations & charities,Grand Challenges Africa (plus Grand Challenges Botswana),"Science for Africa Foundation (SFA Foundation), with Gates Foundation and partners",,Check status,,Medium,yes,"Seed grants ~USD 100,000; transition-to-scale grants up to USD 1M (per SFA programme description)",Typically 18-24 months,Uganda; Zimbabwe; Botswana,"African innovators in African-based organisations (NGOs, academic, research, government agencies).",No open round found on SFA site as of Sep 2026,Uncertain - no open round listed; subscribe to SFA Foundation updates,"Africa-led scientific innovations (solutions/products rather than new academic research) - seed and transition-to-scale grants; past rounds include AI in global health, MNCH data science, modelling for health, AMR, drug discovery. Country initiatives include Grand Challenges Botswana.","GC Africa seed grants; Transition to Scale grants; country GCs (Botswana, South Africa, Ethiopia)",Watch scienceforafrica.foundation/funding and the SFA mailing list; also watch Grand Challenges Botswana announcements.,https://scienceforafrica.foundation/grand-challenges-africa
Foundations & charities,"India-based philanthropies and AI institutes (Tata Trusts, Michael & Susan Dell Foundation India, Wadhwani AI)",Various (India),,Check status,,Medium,yes,Not stated,Varies,India,Mostly proactive/partnership-based; no open calls verified in Sep 2026.,None known,Uncertain - no open calls identified,"Tata Trusts: health (cancer care, nutrition, mental health, data-driven governance). MSDF India: urban health, public systems. Wadhwani AI: builds AI solutions with government (e.g., TB, maternal/child health) - a partner rather than a grantor.",Partnership grants; implementation partnerships,Explore collaboration with Wadhwani AI or state health departments on AI pilots; approach Tata Trusts programme teams via institutional leadership.,https://www.tatatrusts.org/
Foundations & charities,"Wellcome strategic programmes: Climate & Health, Mental Health, Infectious Disease",Wellcome,,Check status,,Medium,,Varies by call,Varies,Thailand; Vietnam; Philippines; Uganda; Zimbabwe; Botswana,"Call-specific; Wellcome's late-2026 geographic refocus favours Africa, South Asia and South-East Asia.",Varies - no specific open call verified for Sep 2026,Uncertain - check Wellcome 'Find a funding opportunity' filtered by priority area,"Targeted funding calls and commissioned work aligned to Wellcome's health challenge areas (climate and health, mental health, infectious disease) plus discovery research.","Periodic targeted calls (e.g., climate-health, mental health, AMR/vaccines)",Filter schemes at wellcome.org/research-funding/schemes; sign up for the Wellcome research newsletter.,https://wellcome.org/our-priorities
Foundations & charities,"Lions Clubs International Foundation (LCIF) Diabetes, Childhood Cancer and Vision Grants",Lions Clubs International Foundation,,Invitation / network,2026-10-01,Medium,,"USD 10,000-300,000 depending on grant type",Typically 1-3 years,Dominican Republic; Jamaica; Armenia; India; Thailand; Vietnam; Philippines; Uganda; Zimbabwe; Botswana,"Applications come from Lions districts/multiple districts, typically with local matching funds; partner hospitals/clinics implement.","LCIF board meets 3x/year; application deadlines reported as 1 Feb, 1 May, 1 Oct",Rolling in cycles - next deadline ~1 Oct 2026 (via district),Lions-led service projects: diabetes screening/camps/workforce training/equipment; childhood cancer care infrastructure with hospitals; vision/blindness prevention.,Diabetes Grants; Childhood Cancer Grants (USD 10k-150k); Vision Grants (USD 10k-300k),Approach the local Lions district governor/LCIF coordinator; use the LCIF Grants Toolkit.,https://www.lionsclubs.org/en/lcif-grants-toolkit
Foundations & charities,Wellcome Discovery Awards,Wellcome,,Rolling,2026-10-28,Low,,Average ~GBP 3.5 million; requests above GBP 5 million get extra scrutiny,Up to 8 years (average 7),Dominican Republic; Jamaica; Armenia; Thailand; Vietnam; Philippines; Uganda; Zimbabwe; Botswana,"CRITICAL CHANGE: until 28 Oct 2026, lead applicants in the UK, Ireland or any LMIC except India and mainland China are eligible. From 29 Oct 2026 only the UK and LMICs in Africa, South Asia and South-East Asia (Uganda, Zimbabwe, Botswana, Thailand, Vietnam, Philippines remain eligible; Dominican Republic, Jamaica and Armenia drop out). India is excluded - Indian researchers use DBT/Wellcome India Alliance. LMIC-based applicants on permanent contracts can request a salary contribution if their salary depends on grants.",No deadlines - apply any time (eligibility rules change 29 Oct 2026),Rolling - DR/Jamaica/Armenia applicants must submit on or before 28 Oct 2026,"Established researchers (any discipline) pursuing bold, creative research ideas on human life, health and wellbeing.",Discovery Award,Ask your research office to confirm the institution can sign Wellcome grant conditions; submit via the Wellcome Funding portal (funding.wellcome.org).,https://wellcome.org/research-funding/schemes/wellcome-discovery-awards
Foundations & charities,Wellcome Leap programmes,Wellcome Leap,,Next cycle expected,,Low,,Programmes of ~USD 50M split across performer teams,Typically 2-4 years,Dominican Republic; Jamaica; Armenia; India; Thailand; Vietnam; Philippines; Uganda; Zimbabwe; Botswana,Institutions worldwide that can sign Leap agreements; teams usually well-resourced.,Focused Antibiotics portal: 8-15 May 2026 (closed); others vary,Closed/varies - watch for new programme announcements,"Large, milestone-driven, multi-team programmes (e.g., CARE - Alzheimer's risk in women; Focused Antibiotics/AMR; FORM - resilient microbiome; women's health programmes with Pivotal Ventures).",Programme calls (abstract then full proposal),Monitor wellcomeleap.org; join as a site/partner in a larger consortium.,https://wellcomeleap.org/
Foundations & charities,Children's Investment Fund Foundation (CIFF),CIFF,,Invitation / network,,Low,,Varies (large),Multi-year,India; Thailand; Vietnam; Philippines; Uganda; Zimbabwe,Works through cultivated partnerships with governments and implementers; regional coverage does not guarantee country-level programmes.,None,Invitation only - no open calls,"Large-scale investments in child health and nutrition, climate, and women/girls; regions include Africa, India and East & South-East Asia; 2025 commitments USD 1.45 billion.",Partner-developed investments (concept note at CIFF's request); smaller catalytic grants for proof-of-concept/evidence,No unsolicited route; engage via CIFF-funded national programmes or partner NGOs.,https://ciff.org/what-we-fund/
Foundations & charities,Fondation Botnar (AI and digital for young people's wellbeing),Fondation Botnar,,Invitation / network,,Low,yes,Not stated,Usually 3 years,Vietnam,"Focus countries: Romania, Ecuador, Colombia, Senegal, Ghana, Tanzania, Indonesia, Vietnam. Not-for-profit purpose required; co-funding preferred.",No open windows as of Sep 2026,Paused/Invitation only - site states there are no open application windows,"Implementation and research projects using AI/digital tech for wellbeing of young people aged 10-24 (youth mental health via the Being Initiative, Fit4Future, cities).","Implementation & Research Grants, Basic Grants, co-funding, occasional open calls (e.g., Fit4Future Phase 2)",Vietnam-based teams: sign up for the newsletter and watch for calls.,https://www.fondationbotnar.org/funding-opportunities/
Corporate & tech (incl. AI),Anthropic AI for Science Program (free Claude API credits),Anthropic,,Open now,,High,yes,"Help-centre terms: up to USD 20,000 in credits for 6 months; Aug 2026 expansion: up to USD 50,000 in credits per project",6 months (credits),Dominican Republic; Jamaica; Armenia; India; Thailand; Vietnam; Philippines; Uganda; Zimbabwe; Botswana,"Researchers attached to research institutions; evaluated on scientific merit, impact, technical feasibility and biosecurity screening. Check Anthropic's supported-countries list for API availability. Biology/chemistry work limited to Opus-class models.",Rolling - monthly review,Open/Rolling,"Free Claude API credits for researchers at academic/nonprofit institutions applying generative AI to scientific research, including medicine/healthcare; expanded in Aug 2026 to more fields and compute-heavy work.",AI for Science API credits (application form); submissions reviewed on the first Monday of each month,"Complete the AI for Science application form (linked from support.claude.com) describing the project, team and AI use case. Unsuccessful applicants do not receive individual replies.",https://support.claude.com/en/articles/11199177-anthropic-s-ai-for-science-program
Corporate & tech (incl. AI),Claude Team Plan for Scientists (free/discounted seats),Anthropic,,Open now,,High,yes,Free standard seats; premium seats USD 15/month,1 year,Dominican Republic; Jamaica; Armenia; India; Thailand; Vietnam; Philippines; Uganda; Zimbabwe; Botswana,PI or equivalent at an academic or nonprofit research institution; subject to Anthropic's supported countries.,"First-come (initial 10,000 seats announced 27 Aug 2026; expansion planned)",Open,"10,000 free standard Claude seats (premium seats with 5x usage at USD 15/month) for one year for research labs; the PI verifies and adds lab members.",Team plan for scientists (PI verification form),Complete the PI verification form linked from claude.com/programs/team-plan-for-scientists; then add lab members.,https://claude.com/programs/team-plan-for-scientists
Corporate & tech (incl. AI),AWS Cloud Credit for Research (and status of AWS Health Equity Initiative),Amazon Web Services,,Open now,,Medium,yes,"Faculty/staff awards not capped; student awards up to USD 5,000",Credits valid for a limited period (see terms),Dominican Republic; Jamaica; Armenia; India; Thailand; Vietnam; Philippines; Uganda; Zimbabwe; Botswana,"Full-time faculty, research staff, or graduate students at accredited research institutions. Review takes 90-120 days.",Rolling,Open/Rolling (Health Equity Initiative closed),"AWS promotional credits for research workloads, science-as-a-service tools and training (can include Amazon Bedrock generative AI). The AWS Health Equity Initiative (up to USD 250k credits) is no longer accepting applications.",Cloud Credit for Research (rolling),Apply at pages.awscloud.com/aws-cloud-credit-for-research.html with a short proposal and usage estimate.,https://aws.amazon.com/government-education/research-and-technical-computing/cloud-credit-for-research/
Corporate & tech (incl. AI),Google Cloud Research Credits,Google Cloud,,Open now,,Medium,yes,"USD 5,000 research credits (standard offer)",Not stated,Dominican Republic; Jamaica; Armenia; India; Thailand; Vietnam; Philippines; Uganda; Zimbabwe; Botswana,Researchers at accredited institutions in eligible countries (Google cites recipients in 70+ countries) - confirm country eligibility in the form.,Rolling,Open/Rolling,"Cloud computing credits (incl. Gemini/Vertex AI, BigQuery public datasets) for academic research.",Research credits application,Use 'Apply for your credits' on cloud.google.com/edu/researchers.,https://cloud.google.com/edu/researchers
Corporate & tech (incl. AI),NVIDIA Academic Grant Program,NVIDIA,,Open now,,Medium,yes,"Up to 30,000 NVIDIA H100 GPU-hours, or hardware (e.g., 2 DGX Sparks; up to 8 RTX PRO 6000 GPUs)",Per CFP timelines,Dominican Republic; Jamaica; Armenia; India; Thailand; Vietnam; Philippines; Uganda; Zimbabwe; Botswana,Submissions accepted worldwide; must be full-time faculty at an institution awarding PhD degrees; project must use NVIDIA pretrained models/software.,Per CFP (check portal),Open (CFPs listed on page),"GPU compute hours or hardware for academic research in simulation/modelling, AI training/model development, and AI inference/agents.",Academic Grant Program calls for proposals,Use the proposal template; apply at academicgrants.nvidia.com.,https://www.nvidia.com/en-us/industries/higher-education-research/academic-grant-program/
Corporate & tech (incl. AI),Pfizer Global Medical Grants (Competitive Grant RFPs) and Investigator Sponsored Research,Pfizer,,Open now,,Medium,,Varies by RFP,Varies,Dominican Republic; Jamaica; Armenia; India; Thailand; Vietnam; Philippines; Uganda; Zimbabwe; Botswana,Organisations only (individuals and medical practice groups not eligible); geographies set per RFP.,RFP-specific,Open - RFPs posted continuously; check portal,"Independent research, quality improvement and education projects in areas aligned with Pfizer's medical strategy via publicly posted RFPs (some global); separately, investigator-sponsored research (ISR) on Pfizer products.",Competitive Grant Program RFPs; ISR programme,Browse Pfizer's competitive grants page; filter by country/therapeutic area.,https://www.pfizer.com/about/programs-policies/grants/competitive-grants
Corporate & tech (incl. AI),"Pharma investigator-initiated/supported study programmes (e.g., GSK Supported Studies Programme; similar AstraZeneca, MSD, Novartis, Takeda portals)",Various pharmaceutical companies,,Rolling,,Medium,,Varies,Varies,Dominican Republic; Jamaica; Armenia; India; Thailand; Vietnam; Philippines; Uganda; Zimbabwe; Botswana,"Qualified investigators worldwide, subject to company priorities and local affiliate review; manage conflicts of interest.",Rolling (company-specific),Rolling,Investigator-designed studies (often observational/real-world or pragmatic) related to a company's products or disease areas; support may be funding and/or drug supply.,"Investigator-sponsored/initiated study portals (e.g., iss.gsk.com)",Contact the company's local medical affiliate; submit a concept via its ISS portal.,https://iss.gsk.com/
Corporate & tech (incl. AI),AstraZeneca Young Health Programme (YHP) incl. YHP Impact Fellowship,AstraZeneca,,Next cycle expected,,Medium,,"Fellowship grant USD 10,000 (USD 50,000 for the Lead2030 SDG3 winner)",Fellowship ~1 year,Dominican Republic; Jamaica; Armenia; India; Thailand; Vietnam; Philippines; Uganda; Zimbabwe; Botswana,Fellowship for ages 18-30 driving youth health impact. Jamaica is a YHP-UNICEF accelerator country (NGO partnerships most relevant there).,2026 fellowship call ran ~Mar 2026 (closed),Closed - next fellowship call expected ~early 2027,"Youth health equity (NCD prevention, mental health) with UNICEF and 60+ NGOs; new 2026-2030 phase. The Impact Fellowship (with One Young World) gives young leaders grants, training and mentorship.",NGO partnerships (invitation); YHP Impact Fellowship (open application),Watch One Young World scholarships; NGOs in Jamaica engage via UNICEF/YHP partners.,https://www.oneyoungworld.com/scholarship/astrazeneca-young-health-programme-impact-fellowship
Corporate & tech (incl. AI),GSK Africa Open Lab,GSK,,Next cycle expected,,Medium,,Not stated in 2025-26 posting,Not stated,Uganda,African early-career scientists; eligible countries set per call (earlier NCD Open Lab rounds included Uganda). Check scope document for the current list (Zimbabwe/Botswana not confirmed).,2025-26 cycle: concepts 14 Jul-3 Sep 2025; full proposals closed 19 Feb 2026,Closed - next cycle expected but not yet posted,"Early-career African scientists' research projects plus GSK mentoring; 2025-26 call covered malaria, TB/drug-resistant TB, drug-resistant bacterial infections (AMR) and enteric infections (population, clinical and lab studies on field/clinical samples).",Concept proposal then full proposal,Monitor the Africa Open Lab posting on iss.gsk.com; read the scope and applicant-conditions documents.,https://iss.gsk.com/Posting.aspx?ID=16
Corporate & tech (incl. AI),Google.org Impact Challenge: AI for Science,Google.org,,Next cycle expected,,Medium,yes,"USD 500,000-3,000,000",Not stated (accelerator ~6 months of support),Dominican Republic; Jamaica; Armenia; India; Thailand; Vietnam; Philippines; Uganda; Zimbabwe; Botswana,"Nonprofits, academic institutions, social enterprises; AI must be core and outputs openly licensed.",Closed 1 May 2026,Closed - Google.org runs periodic Impact Challenges and a Generative AI Accelerator; watch for the next,"USD 30M global open call for AI-driven scientific breakthroughs in Health & Life Sciences and Climate; includes a Google.org Accelerator, pro bono Google experts and Cloud credits.",Impact Challenge grants + accelerator,Monitor google.org impact challenges pages.,https://www.google.org/impact-challenges/ai-science/
Corporate & tech (incl. AI),Lacuna Fund (labelled ML datasets for LMIC contexts),Lacuna Fund (funder collaborative; Meridian Institute secretariat),,Check status,,Medium,yes,"Historically USD 20,000-100,000 small/medium; up to USD 500,000 large",Varies,Dominican Republic; Jamaica; Armenia; India; Thailand; Vietnam; Philippines; Uganda; Zimbabwe; Botswana,"Non-profits, research institutions, social enterprises headquartered in, or substantially partnered in, the country where data are collected; open licensing and ethical labour standards required.",No open RFP listed on the apply page as of Sep 2026,Uncertain - no current RFP,"Creation, expansion and maintenance of open, locally owned, ML-ready labelled datasets in health, language, agriculture and climate (e.g., medical Q&A datasets, imaging for screening, maternal health data).",Domain-specific RFPs,Monitor lacunafund.org/apply; contact the secretariat.,https://lacunafund.org/apply/index.html
Corporate & tech (incl. AI),Meta Llama Impact Grants,Meta,,Check status,,Medium,yes,"Past round: up to USD 500,000 per recipient (USD 2M pool)",Not stated,Dominican Republic; Jamaica; Armenia; India; Thailand; Vietnam; Philippines; Uganda; Zimbabwe; Botswana,Past calls were global (subject to legal restrictions).,Last call closed 22 Nov 2024,Uncertain - no 2026 call found,"Projects using open-source Llama models for social impact (health, education, agriculture), e.g., offline multilingual medical assistance.",Llama Impact Grants / Innovation Awards,Monitor llama.com/llama-ai-innovation.,https://www.llama.com/llama-ai-innovation/
Corporate & tech (incl. AI),Takeda Global CSR Program,Takeda,,Next cycle expected,,Low,,Historically JPY 400M-1.1B per project (average ~JPY 815M),Average ~4.8 years,Dominican Republic; Jamaica; Armenia; India; Thailand; Vietnam; Philippines; Uganda; Zimbabwe; Botswana,"Large NGOs/academic institutions with capacity for multi-year programmes (2026 grantees include KNUST, Ghana).",FY2026 RFP opened ~Oct 2025; next RFP expected around the same time of year,Expected - next RFP likely around Oct 2026,"Multi-year health-systems partnerships; tracks: Climate-Resilient Health Infrastructure, Health Workforce Preparedness, Health Technology Innovation. Partners are selected partly by a global employee vote.",Annual RFP (proposal tracks),Check Takeda's 'Apply for CSR Funding' page.,https://www.takeda.com/about/corporate-responsibility/funding/
Corporate & tech (incl. AI),Patrick J. McGovern Foundation (AI for public purpose),The Patrick J. McGovern Foundation,,Invitation / network,,Low,yes,"Many recent grants ~USD 500,000; USD 75.8M across 149 grants in the latest reported cycle",Varies,Dominican Republic; Jamaica; Armenia; India; Thailand; Vietnam; Philippines; Uganda; Zimbabwe; Botswana,Largely invitation-based.,None published,Invitation only (no open call found),"Organisations using, developing or governing AI and data for public purpose, including health equity (e.g., AI supply-chain tools in East African health systems, AI emergency dispatch).",Programme grants (mostly proactive),Build visibility via AI-for-health networks; check mcgovern.org for any calls.,https://www.mcgovern.org/grants/
Corporate & tech (incl. AI),Pfizer Foundation Global Health Innovation Grants (AI cohort),The Pfizer Foundation,,Invitation / network,,Low,yes,Not stated,18 months (AI cohort),Dominican Republic; Jamaica; Armenia; India; Thailand; Vietnam; Philippines; Uganda; Zimbabwe; Botswana,Grantees selected by the foundation and partners (organisations with existing AI tools).,None published,Invitation only,"Implementation and evaluation of established AI innovations in LMIC primary care/community health (vaccine-preventable disease, oncology, AMR, maternal and child health).",Global Health Innovation Grants (cohorts supported with Innovations in Healthcare/Duke),Connect via the Innovations in Healthcare network; no open call.,https://www.innovationsinhealthcare.org/the-pfizer-foundations-global-health-innovation-grants-leveraging-ai-to-transform-healthcare-in-low-and-middle-income-countries/
"Fellowships, training & small grants",ACT-PREP PhD and Postdoctoral Fellowships 2026 (EDCTP3-funded),"ACT-PREP Consortium (Global Health EDCTP3, approx. EUR 12.75m, 2026-2031)",,Open now,2026-09-30,High,yes,"Tuition, stipend and research grant (amounts not stated)",PhD up to 3 years; postdoc up to 12 months,Uganda,"Nationals of DRC, Rwanda, Senegal, Somalia, South Sudan, Tanzania, Uganda. Postdoc: PhD within past 5 years, institutional endorsement. PhD: relevant Master's and eligibility at a partner university. English or French.",Postdoctoral and PhD Round 2: 30 Sep 2026 (PhD Round 1 closed 15 Sep 2026).,Open - closes 30 Sep 2026 (days after the conference).,"15 PhD and 10 postdoctoral fellowships in clinical trials and epidemic preparedness: trial readiness, surveillance/modelling/AI, ethics and regulatory science, lab and genomic surveillance, One Health, health-system resilience.",PhD fellowships (at partner universities incl. Makerere); postdoctoral research fellowships,"act-prep.org/opportunities - submit form, CV, motivation letter, 2-3 page concept note, endorsement letter, two references, certificates.",https://act-prep.org/opportunities/
"Fellowships, training & small grants",Chevening Scholarships (UK one-year Master's),"UK Foreign, Commonwealth & Development Office (FCDO)",,Open now,2026-10-06,High,,Full cost of study; amount not stated,1 year,Dominican Republic; Jamaica; Armenia; India; Thailand; Vietnam; Philippines; Uganda; Zimbabwe; Botswana,"Chevening operates in ~160 countries; confirm your country page. Requires at least 2 years (2,800 hours) work experience, commitment to return home for 2 years, and 3 UK course choices.","2027/28 round opened 4 Aug 2026; deadline 6 Oct 2026, 11:00 UTC. Unconditional UK offer needed by 8 Jul 2027.",Open - closes 6 Oct 2026 (days after the conference),"Fully funded one-year taught Master's at any UK university (e.g., MPH, MSc Global Health, Tropical Medicine, Health Policy); leadership network.","Scholarship (tuition, stipend, flights, visa)",Online application at chevening.org; apply in parallel to 3 UK Master's courses.,https://www.chevening.org/scholarships/application-timeline/
"Fellowships, training & small grants","Commonwealth Master's, PhD and Distance Learning Scholarships","Commonwealth Scholarship Commission in the UK (CSC), FCDO-funded",,Open now,2026-10-20,High,,"Full tuition, stipend, airfare; amount not stated",1 year (Master's); 3-4 years (PhD); 2-3 years part-time (Distance Learning),Jamaica; India; Uganda; Botswana,"Commonwealth members only; Zimbabwe is not a Commonwealth member. Must apply through your national nominating agency, which often sets an earlier internal deadline. Check CSC eligible-country list each year.","Master's 2027/28: opened 8 Sep 2026, closes 20 Oct 2026, 16:00 BST; nominators forward in Dec 2026; results by Jul 2027. PhD: see CSC site. Distance Learning: set by each UK university.",Open - Master's closes 20 Oct 2026 (national nominator deadline may be earlier),Fully funded UK Master's and PhD study for citizens of low- and middle-income Commonwealth countries; Distance Learning Scholarships fund UK Master's studied from home.,Scholarship via national nominating body (Master's/PhD) or via UK university (Distance Learning),"CSC online system plus nomination by national nominating body (e.g., Ministry of Education).",https://cscuk.fcdo.gov.uk/about-us/scholarships-and-fellowships
"Fellowships, training & small grants",DAAD EPOS - Development-Related Postgraduate Courses,"DAAD (German Academic Exchange Service), BMZ-funded",,Open now,,High,,"EUR 992/month (Master's); EUR 1,400/month (doctoral, from Feb 2026) plus insurance and travel",12-42 months depending on course,Dominican Republic; Jamaica; Armenia; India; Thailand; Vietnam; Philippines; Uganda; Zimbabwe; Botswana,Nationals of developing countries (DAC list); Bachelor's plus at least 2 years professional experience; degree usually not older than 6 years.,No single deadline - each course on the 2027/28 list sets its own (many between Aug and Oct 2026).,Open - course-specific deadlines for 2027/28,"Master's/PhD in development-related courses in Germany, including MSc International Health (Charite Berlin, Heidelberg) and Global Health (Bonn).",Scholarship applied for via the course,"Apply directly to the chosen course/university, not to DAAD.",https://www2.daad.de/deutschland/stipendium/datenbank/en/21148-scholarship-database/?detail=50076777
"Fellowships, training & small grants",Fogarty LAUNCH - Global Health Fellows and Scholars (Launching Future Leaders in Global Health),"NIH Fogarty International Center and partner NIH institutes, via 7 US university consortia",,Open now,2026-10-01,High,,Stipend plus research funds; amount not stated,12 months,India; Thailand; Vietnam; Uganda; Zimbabwe; Botswana,"LMIC applicants must be affiliated with a consortium partner site (lists differ by consortium: GHES Stanford/Arizona, HBNU, NPGH LEADERs, UJMT, VECD, AFRICA etc.). Map countries listed are illustrative - check each consortium.",2027-28: Stanford and Arizona GHES 1 Oct 2026; HBNU closed 25 Sep 2026; others vary,Open (some consortia) - Fogarty preserved at USD 95M in FY2026 appropriations despite proposed elimination; watch NIH restructuring,"One year of mentored research training at established NIH-funded research sites in LMICs; stipend, research funds, training.",Mentored research fellowship (postdoctoral/post-professional for LMIC trainees),Apply to the consortium whose partner site you work with.,https://www.fic.nih.gov/Programs/Pages/scholars-fellows-global-health.aspx
"Fellowships, training & small grants",Fulbright Foreign Student Program and Fulbright Visiting Scholar Program,"US Department of State (ECA), run via binational commissions/US embassies (e.g., USIEF India, PAEF Philippines, TUSEF Thailand)",,Open now,,High,,"Varies by country; tuition, stipend, travel",Student: 1-2+ years; Scholar: typically 3-12 months,Dominican Republic; Jamaica; Armenia; India; Thailand; Vietnam; Philippines; Uganda; Zimbabwe; Botswana,"Rules, fields and deadlines are set per country. Federal exchange funding was frozen for ~2 months in 2025 and faced proposed deep cuts; Congress funded Fulbright in FY2026. Confirm your country's current round.","Varies by country; many 2027-28 rounds close in the second half of 2026 (e.g., USIEF India Fulbright-Nehru fellowships for Indian citizens are open for 2027-28).",Open in many countries - funding environment volatile; verify with local commission/embassy,"Foreign Student: graduate study (MPH, MSc, PhD) in the US. Visiting Scholar: postdoctoral research/lecturing at a US institution (country-specific awards such as Fulbright-Nehru Academic & Professional Excellence Fellowships).",Scholarship / research fellowship,Through the Fulbright commission or US Embassy public affairs section in your country.,https://foreign.fulbrightonline.org/
"Fellowships, training & small grants",IAS fellowships - Mark Wainberg Fellowship Programme and CIPHER Growing the Leaders of Tomorrow,International AIDS Society (IAS),,Open now,,High,,"CIPHER: up to USD 70,000 (USD 35,000/yr); Mark Wainberg: not stated",2 years,Dominican Republic; Jamaica; India; Thailand; Vietnam; Philippines; Uganda; Zimbabwe; Botswana,"Mark Wainberg has regional strands: Asia-Pacific (open), Africa (closed), Latin America & Caribbean (closed). CIPHER covers Asia-Pacific and Africa.",Mark Wainberg Asia-Pacific: applications currently open (deadline on portal); others closed,Open (Asia-Pacific Mark Wainberg) - other strands closed,"Mark Wainberg: 2-year clinical HIV-management training (1 year at a clinical institution, 1 year research project). CIPHER: 2-year paediatric/adolescent HIV research fellowship.",Clinical and research fellowships,applications.iasociety.org,https://www.iasociety.org/fellowships
"Fellowships, training & small grants",ISN Fellowship Program,International Society of Nephrology,,Open now,2026-10-01,High,,Not stated,Typically 6-12 months,Dominican Republic; Jamaica; Armenia; India; Thailand; Vietnam; Philippines; Uganda; Zimbabwe; Botswana,Physicians from disadvantaged regions with home-institution commitment to return.,Two rounds a year: 1 May and 1 Oct,Open - next deadline 1 Oct 2026,"Clinical/research nephrology training abroad for physicians from low-resource regions, who return home to build kidney care.",Training fellowship,fellowship.theisn.org,https://fellowship.theisn.org/
"Fellowships, training & small grants","Open-access APC waiver programmes (PLOS GPI, BMJ, Lancet, Springer Nature, Wiley etc.)",Journal publishers,,Open now,,High,,Full waiver (typically Research4Life Group A) or discount (Group B) - varies by publisher,Per article,Jamaica; Armenia; Vietnam; Uganda; Zimbabwe; Botswana,"Most publishers key waivers to the Research4Life Group A/B lists (e.g., PLOS Global Participation Initiative). Authors from India, Philippines, Thailand, DR often need to request discretionary waivers.",Rolling,Open - rolling,Full or partial waivers of article processing charges for authors from eligible low-/middle-income countries.,Automatic or on-request fee waiver,"Check the journal's APC/waiver page before submission; request at submission, not after acceptance.",https://plos.org/publish/fees/group-a-countries/
"Fellowships, training & small grants",Research4Life (Hinari etc.) - journal access,"WHO, FAO, UNEP, WIPO, ILO with publishers",,Open now,,High,,Free (Group A) / low-cost (Group B),Ongoing,Jamaica; Armenia; Vietnam; Uganda; Zimbabwe; Botswana,"Group A (free): Uganda, Zimbabwe. Group B (low-cost): recent lists include Armenia, Botswana, Jamaica, Viet Nam. India, Philippines, Thailand and Dominican Republic do not appear on current core lists - confirm on the country offer page.",Rolling,Open - rolling institutional registration,"Free or low-cost institutional access to tens of thousands of journals and databases (not funding, but essential for proposal writing).",Institutional registration,Your institution's librarian registers at portal.research4life.org.,https://www.research4life.org/access/eligibility/
"Fellowships, training & small grants","Rising Scholars (formerly AuthorAID, INASP)","INASP (supported by Sida, NORHED)",,Open now,,High,yes,Free,Courses ~6 weeks; mentoring flexible,Dominican Republic; Jamaica; Armenia; India; Thailand; Vietnam; Philippines; Uganda; Zimbabwe; Botswana,"Free registration; 14,000+ members from 175 countries. Small cash grants are not currently advertised.",Open course 'Write and publish your research paper' runs 21 Sep - 4 Nov 2026,Open - AuthorAID rebranded to Rising Scholars in 2026,"Free online mentoring, collaboration network, and free courses in research writing, proposal writing and AI in research.",Free mentoring and training (not cash),Register at risingscholars.net.,https://risingscholars.net/en/
"Fellowships, training & small grants",SORT IT - Structured Operational Research and Training IniTiative,"TDR (coordinator) with implementing partners (WHO offices, The Union, MSF, national institutes, others)",,Rolling,,High,,"In-kind: tuition, mentorship and usually module travel covered by the course sponsor; not a cash research grant (study costs are often low as routine data are preferred)",About 12-15 months per course cycle,Dominican Republic; Jamaica; Armenia; India; Thailand; Vietnam; Philippines; Uganda; Zimbabwe; Botswana,"Aimed at doctors, nurses, paramedical and programme staff with little research experience. Must be active in a disease-control programme or health institution; submit a half-page research question (routine data preferred); letter from programme manager granting time; commit to all modules and 18 months back in programme; MPH or equivalent (or strong recommendation); fluent in course language. Eligibility for a specific course depends on the sponsor/countries it covers. More than 1,015 participants from 94 countries since 2009.",No single global deadline - each course issues its own call.,Rolling - active (TDR advertised a SORT IT consultant post in 2026); course availability depends on partner funding.,"Mentored, milestone-based training in which each participant completes their own operational research project from protocol to published paper and policy brief (4 modules: protocol, data, manuscript, research communication).",SORT IT courses (TDR-led/funded or institution-led with TDR oversight); AMR-SORT IT and thematic courses; alumni can become OR fellows,"Watch tdr.who.int/grants, WHO country offices and partner institutions for course calls; contact the SORT IT focal point at TDR (zachariahr@who.int) or your WHO country office to ask about upcoming courses; institutions can co-sponsor a course.",https://tdr.who.int/activities/sort-it-operational-research-and-training
"Fellowships, training & small grants",Atlantic Fellows for Health Equity,Atlantic Philanthropies / Atlantic Institute; hosted by George Washington University (Fitzhugh Mullan Institute),,Next cycle expected,,High,,All educational and travel costs covered; stipend not stated,1 year (non-residential),Dominican Republic; Jamaica; Armenia; India; Thailand; Vietnam; Philippines; Uganda; Zimbabwe; Botswana,Early- to mid-career people working on health equity from any sector; 15-20 fellows/yr; global.,2027 cohort applications closed 18 Mar 2026; next call expected ~Feb-Mar 2027,Closed - Expected early 2027,"Year-long, non-residential leadership fellowship with three in-person global convenings and online modules on health equity.",Leadership fellowship,Online at healthequity.atlanticfellows.org/apply.,https://healthequity.atlanticfellows.org/apply/
"Fellowships, training & small grants",Australia Awards Scholarships,"Australian Government, DFAT",,Next cycle expected,,High,,"Full tuition, travel, living allowance; amount not stated",Length of degree (typically 1.5-2 years for Master's),Thailand; Vietnam; Philippines; Uganda; Zimbabwe; Botswana,"India, Jamaica, Dominican Republic and Armenia are not participating countries. Each country profile sets priority fields and employer rules - read it first. Africa countries apply via Australia Awards Africa.",2027 intake round opened 1 Feb 2026 (now closed); next round for 2028 intake expected ~Feb 2027,Closed - Expected to reopen early 2027,"Full-time postgraduate study at Australian universities (public health, nursing, health management often priority fields).",Scholarship,Online (OASIS) after reading your Country Profile.,https://www.dfat.gov.au/people-to-people/australia-awards/participating-countries
"Fellowships, training & small grants",Hubert H. Humphrey Fellowship Program,"US Department of State (Fulbright family), administered by IIE",,Next cycle expected,,High,,Fully funded; amount not stated,10 months,Dominican Republic; Jamaica; Armenia; India; Thailand; Vietnam; Philippines; Uganda; Zimbabwe; Botswana,Mid-career: first university degree plus at least 5 years full-time professional experience; designated countries only - confirm with your US Embassy. No degree awarded.,"2027-28 round deadlines were set by embassies in mid-2026 (e.g., 15 Aug 2026 at some posts).",Closed for 2027-28 in most countries - program running; next round expected ~May-Sep 2027,10 months of non-degree graduate study and professional development at a US university (Public Health and HIV/AIDS/Substance Abuse tracks are common host themes).,Non-degree fellowship,Via the US Embassy/Fulbright Commission in your country.,https://www.humphreyfellowship.org/
"Fellowships, training & small grants",IAS conference scholarships (AIDS / IAS / HIVR4P conferences),International AIDS Society,,Next cycle expected,,High,,Full or partial; not stated,Conference week,Dominican Republic; Jamaica; Armenia; India; Thailand; Vietnam; Philippines; Uganda; Zimbabwe; Botswana,Priority to applicants contributing to the programme (abstracts etc.) from resource-limited settings; 18+.,"AIDS 2026 (Rio, Jul 2026) deadline was 27 Jan 2026; IAS 2027 and HIVR4P 2027 scholarship calls expected late 2026/early 2027",Expected - next calls for 2027 conferences,"Registration, travel and accommodation (in-person) or virtual access to IAS conferences, plus 2 years free IAS membership.",Conference travel scholarship,Via the conference profile when submitting abstracts.,https://www.iasociety.org/scholarships
"Fellowships, training & small grants",Swedish Institute Scholarships for Global Professionals (SISGP),Swedish Institute,,Next cycle expected,,High,,"Tuition, living costs, travel grant; amount not stated",1-2 years,Armenia; Thailand; Vietnam; Philippines; Uganda,Citizens of listed countries only (list changes yearly); requires work and leadership experience; ~300 awards/yr.,"Annual: university admission via universityadmissions.se first (typically mid-Jan), then SI application (typically Feb) - verify dates for 2027/28",Expected - 2027/28 round early 2027,"Full-time Master's in Sweden for working professionals with leadership potential (global health programmes at Karolinska, Uppsala, Lund etc.).",Scholarship,"Apply to Swedish Master's first, then to SI.",https://si.se/en/apply/scholarships/swedish-institute-scholarships-for-global-professionals/
"Fellowships, training & small grants",Union World Conference on Lung Health scholarships,International Union Against Tuberculosis and Lung Disease (The Union),,Next cycle expected,,High,,Full cost for full scholars; not stated,"Conference (17-20 Nov 2026, Rio de Janeiro)",India; Vietnam; Philippines; Uganda; Zimbabwe,"Full scholarships for LIC/LMIC presenters; upper-middle-income countries (Armenia, Botswana, DR, Jamaica, Thailand) may qualify only for sponsored registration.",2026: 23 Jul (TBScience presenters 5 Aug 2026),Closed for 2026 - Expected ~mid-2027 for 2027 conference,"Full scholarships (registration, travel, accommodation) for presenters from low- and lower-middle-income countries; sponsored registrations for others.",Conference travel scholarship,"Submit an abstract, then apply via conference site.",https://worldlunghealth.org/scholarships-and-sponsored-registrations/
"Fellowships, training & small grants",Field Epidemiology Training Programmes (FETP),"National ministries of health with CDC, WHO and TEPHINET support",,Check status,,High,,Salary continues; training costs covered - varies,3 months - 2 years,Dominican Republic; Jamaica; Armenia; India; Thailand; Vietnam; Philippines; Uganda; Zimbabwe; Botswana,"Programmes exist in or cover all 10 countries (e.g., Uganda PHFP, Thailand FETP, Philippines FETP, India FETP/NCDC, South Caucasus FETP for Armenia, Caribbean FETP). Usually for MoH employees.",Varies by country programme,Uncertain - US global health funding cuts in 2025 affected CDC-supported programmes; status is country-specific,"Paid, service-based applied epidemiology training (Frontline 3 months, Intermediate ~9 months, Advanced 2 years).",In-service training fellowship,Through your Ministry of Health or national public-health institute; check TEPHINET directory.,https://www.tephinet.org/
"Fellowships, training & small grants",Mandela Washington Fellowship for Young African Leaders,US Department of State (YALI),,Open now,2026-10-13,Medium,,Fully funded; amount not stated,~6 weeks in the US (summer 2027),Uganda; Zimbabwe; Botswana,"Sub-Saharan African citizens, typically aged 25-35, with proven leadership record. ~550 fellows for 2027.",2027 cohort: applications due 13 Oct 2026,Open - closes 13 Oct 2026,"Executive-style leadership institute at a US university (Public Management and Civic Leadership tracks relevant to health), plus alumni networking and reciprocal-exchange grants.",Leadership fellowship,Online at mandelawashingtonfellowship.org.,https://www.mandelawashingtonfellowship.org/2027-application-instructions/
"Fellowships, training & small grants",Young Southeast Asian Leaders Initiative (YSEALI) fellowships,US Department of State,,Open now,,Medium,,Fully funded; amount not stated,~5 weeks,Thailand; Vietnam; Philippines,ASEAN citizens aged 18-35 (Academic Fellows 18-25). Themes rotate; health is not always a track.,Varies by program; recent AFP deadline reported as 12 Oct 2026,Open/rolling by program - check US Mission to ASEAN,"Academic Fellows (5-week US institute, ages 18-25) and Professional Fellows (US placements for young professionals); YSEALI seed grants for alumni.",Short exchange fellowships; alumni seed grants,asean.usmission.gov/yseali and US embassy pages.,https://asean.usmission.gov/ysealiafp/
"Fellowships, training & small grants",Rotary Global Grant Scholarships and Rotary Peace Fellowships,The Rotary Foundation / local Rotary districts,,Rolling,,Medium,,Varies (district-dependent),1-2 years (scholarship); certificate or Master's (Peace),Dominican Republic; Jamaica; Armenia; India; Thailand; Vietnam; Philippines; Uganda; Zimbabwe; Botswana,Global grant scholarships require sponsorship by a local Rotary club/district plus a host club. Peace Fellowships: 2027-28 closed 15 May 2026; 2028-29 opens Feb 2027.,Global grants: rolling via districts; Peace: Feb-May annually,Rolling (Global Grants) / Closed - Expected Feb 2027 (Peace),Global grant scholarships fund graduate study abroad in Rotary areas of focus (incl. disease prevention and treatment; maternal and child health). Peace Fellowships fund Master's or certificate in peace/development.,District-sponsored scholarship; fellowship,Approach your local Rotary club early (6-12 months before study).,https://www.rotary.org/en/our-programs/peace-fellowships
"Fellowships, training & small grants",ASTMH Annual Meeting Travel Awards,American Society of Tropical Medicine and Hygiene,,Next cycle expected,,Medium,,Registration + airfare + stipend,Annual meeting,Dominican Republic; Jamaica; Armenia; India; Thailand; Vietnam; Philippines; Uganda; Zimbabwe; Botswana,Abstract submission typically required.,2026 closed; 2027 application opens March 2027,Closed - Expected Mar 2027,"Registration, round-trip airfare and stipend for students, early-career investigators and scientists in tropical medicine (incl. LMIC-specific awards such as ACMCIP LMIC trainee award).",Conference travel award,ASTMH annual meeting awards page.,https://www.astmh.org/annual-meeting/awards
"Fellowships, training & small grants","Africa CDC workforce fellowships - African Epidemic Service (Epidemiology, Laboratory Leadership, Public Health Informatics), PHEM Fellowship",Africa Centres for Disease Control and Prevention (African Union),,Next cycle expected,,Medium,,"Fully funded: stipend, travel, insurance, hardware/software, learning materials",12-24 months depending on track,Uganda; Zimbabwe; Botswana,Citizens of AU Member States; AES Epidemiology Track applicants must be under 35; PHEM targets mid-career staff with PHEOC/preparedness experience.,AES 2026 cohort applications closed 26 Aug 2026 (start Oct 2026); PHEM 2026 opened Mar 2026. Next cohorts expected 2027.,Closed for 2026 cohorts; Expected 2027.,"Fully funded applied fellowships building epidemiology, lab leadership, informatics and emergency-management capacity in AU Member States, with field projects.","AES Epidemiology Track (2 years: 3 months Addis Ababa + 21 months field), Laboratory Leadership Fellowship (12 months), Public Health Informatics Track, PHEM Fellowship",Watch africacdc.org careers/opportunities; obtain employer (MoH/NPHI) support.,https://africacdc.org/
"Fellowships, training & small grants",CUGH conference bursaries and awards,Consortium of Universities for Global Health (CUGH),,Next cycle expected,,Medium,,Registration + hotel + travel stipend,"CUGH 2027: 25-28 Feb 2027, Lima, Peru",India; Vietnam; Philippines; Uganda; Zimbabwe,Linked to accepted abstracts from LLMIC presenters.,CUGH 2027 abstracts closed 31 Aug 2026,Closed for 2027 - Expected mid-2027 for CUGH 2028,"Free registration, hotel and travel stipend for abstract presenters from low/lower-middle-income countries (reported ~10 bursaries); CUGH also runs competitions/awards.",Conference travel bursary,Submit an abstract and indicate bursary need.,https://cughlima2027.org/
"Fellowships, training & small grants",Commonwealth Professional Fellowships (Commonwealth Fellowship Programme),Commonwealth Scholarship Commission in the UK,,Next cycle expected,,Medium,,Not stated (covers travel and living costs),Short-term (typically weeks to 3 months),Jamaica; India; Uganda; Botswana,Mid-career professionals from eligible Commonwealth countries; UK host applies/nominates. From 2026/27 restructured as the Commonwealth Fellowship Programme with two strands.,2027 round: fellow applications 28 Jul - 25 Aug 2026,Closed for 2027 - next round expected mid-2027,Short professional-development placement for mid-career professionals at a UK host organisation in their sector.,Fellowship nominated by a UK host organisation,"Identify a UK host (e.g., a UK hospital, university or NGO partner) who nominates you; then complete CSC application.",https://cscuk.fcdo.gov.uk/scholarships/commonwealth-fellowships-information-for-candidates/
"Fellowships, training & small grants","Erasmus Mundus Joint Master scholarships (e.g., Europubhealth+)","European Commission (EACEA), awarded by university consortia",,Next cycle expected,,Medium,,"Tuition, travel, insurance and EUR 1,400/month",1-2 years,Dominican Republic; Jamaica; Armenia; India; Thailand; Vietnam; Philippines; Uganda; Zimbabwe; Botswana,Open worldwide; each consortium has its own admission criteria. ~219 programmes in the 2027 catalogue.,"Europubhealth+ 2027 intake: applications from 8 Oct 2026, scholarship deadline 8 Jan 2027. Other programmes typically Oct-Feb.",Expected - most 2027 intake calls open Oct-Nov 2026,Two-year joint Master's across several European universities; public health options include Europubhealth+ and other health programmes in the EMJM catalogue.,Scholarship awarded by each consortium,Apply directly to the programme consortium.,https://www.europubhealth.org/application-procedure/
"Fellowships, training & small grants",Global Health Corps Leadership Accelerators,Global Health Corps,,Next cycle expected,,Medium,,Stipend; amount not stated,9 months (Sep-May),Uganda,"East & Southern Africa programme operates in a limited set of countries (Uganda among them - verify current list); early-career, typically under 30-35.",2026-27 cohort applications closed; decisions by 31 Jul 2026; next call expected early 2027,Closed - Expected early 2027,9-month paid leadership accelerator placing young leaders in health organisations (Africa and US programmes).,Paid placement fellowship,ghcorps.org application portal.,https://ghcorps.org/our-leadership-accelerators/
"Fellowships, training & small grants",IARC Postdoctoral Fellowships and Return Grants (cancer research),International Agency for Research on Cancer (IARC/WHO),,Next cycle expected,,Medium,,"2025 call: stipend EUR 2,950/month net plus travel; return grant up to EUR 10,000",2 years,Dominican Republic; Jamaica; Armenia; India; Thailand; Vietnam; Philippines; Uganda; Zimbabwe; Botswana,"Nationals of LMICs; PhD within 5 years of deadline, or MD with MPH/equivalent research training plus research experience and publications.",Biennial. Last call closed 9 May 2025 (start Nov 2025-Feb 2026). Next call likely 2027 (not confirmed).,Expected - next biennial round likely 2027.,"Two-year postdoctoral training at IARC (Lyon) in cancer epidemiology, prevention and related fields, with an optional return grant to start research at home.",IARC Postdoctoral Fellowship; IARC Return Grant,Monitor training.iarc.who.int; identify an IARC supervisor/branch early and draft a project aligned with IARC's programme.,https://training.iarc.who.int/postdoctoral-fellowships-intro/
"Fellowships, training & small grants",Japanese Government (MEXT) Scholarship - Research Students (Embassy Recommendation),Japan Ministry of Education (MEXT),,Next cycle expected,,Medium,,"Tuition, airfare, monthly stipend; amount not stated",1.5-5 years,Dominican Republic; Jamaica; Armenia; India; Thailand; Vietnam; Philippines; Uganda; Zimbabwe; Botswana,"Apply via the Japanese Embassy in your country; written exams and interview, then university provisional acceptance.",2027 round was typically April-May 2026 (closed); 2028 round expected ~Apr-May 2027; deadlines vary by embassy,Closed - Expected spring 2027,"Master's/PhD or non-degree research at Japanese universities, including medicine and public health.",Scholarship,Japanese Embassy/consulate in your country.,https://www.studyinjapan.go.jp/en/smap-stopj-applications-research.html
"Fellowships, training & small grants",KOICA Scholarship Program,Korea International Cooperation Agency (KOICA),,Next cycle expected,,Medium,,"Tuition, allowance, airfare, accommodation, insurance; amount not stated",~1-2 years,Vietnam; Philippines; Uganda,Mainly for government officials/public-sector employees with 2+ years experience; eligible countries vary by programme - check each call. Other map countries may appear in specific programmes.,2026/27 intake deadline was 29 Jun 2026,Closed - Expected mid-2027,Development-oriented Master's (and some PhD) programmes at Korean universities; health-related programmes offered in some years.,Scholarship,"Through national government channels (e.g., Ministry of Education/Public Service) and KOICA CIAT site.",https://www.koica.go.kr/ciat/index.do
"Fellowships, training & small grants","TDR Implementation Research Leadership Fellowship Programme for Public Health Impact (UGM, Indonesia)","TDR, hosted by Universitas Gadjah Mada (Faculty of Medicine, Public Health and Nursing)",,Next cycle expected,,Medium,,"Fully funded: return airfare, monthly stipend, insurance, IR project expenses incl. home-country data collection, conference/training travel",6 months on site (2026/27 cohort: 31 May-Oct 2026),India; Thailand; Vietnam; Philippines,"Nationals and residents of LMICs in WHO South-East Asia, Western Pacific or Eastern Mediterranean regions; under 40; employed by university, research institution, MoH or public-health institution; employer letter for study leave. Researcher stream: PhD, or MD with 3+ years research and publications; practitioner stream: MPH or equivalent with 3 years programme management and 1 peer-reviewed IR article. English proficiency (TOEFL paper 500 / 450 or IELTS equivalent).","2026/27 call opened 17 Dec 2025, closed 30 Jan 2026. Next call expected around Dec 2026-Jan 2027 if the pattern holds.",Closed for 2026/27; Expected for 2027/28 (not yet confirmed).,"Six-month in-person leadership fellowship in implementation research, with two streams: academics/researchers (lead an IR project at home institution) and public-health practitioners in managerial roles (integrate IR into a programme).",IR Leadership Fellowship (TDR Postgraduate Training Scheme / Regional Training Centre),"Application form at ugm.id/TDRImplementationScienceLeadershipFellowship; email ir-tdr.fkkmk@ugm.ac.id (cc graduate.fk@ugm.ac.id) with motivation letter, IR proposal, CV, two references and mentor name.",https://tdr.who.int/docs/librariesprovider10/calls-for-applications/ir-leadership-fellowship-call-for-applications-december-2026.pdf
"Fellowships, training & small grants",TDR Postgraduate Training Scheme - scholarships for MPH/MSc in implementation research,"TDR via regional training centres (e.g., Universitas Gadjah Mada Indonesia, BRAC University Bangladesh, USTTB Mali, others)",,Next cycle expected,,Medium,,"Full scholarship (tuition, stipend, travel) - exact value varies by host",About 1-2 years (UGM International MPH: 2 years),India; Thailand; Vietnam; Philippines; Uganda; Zimbabwe; Botswana,"Each host limits eligibility by region: e.g., UGM accepts LMIC applicants from WHO South-East Asia and Western Pacific regions; African centres recruit from sub-Saharan Africa. Requires study leave; applicants usually employed in health programmes or academia. No Caribbean or Armenian host identified.","Annual per-host calls, typically early in the year (e.g., UGM 2025-2027 call Feb-Mar 2025). No 2027 intake call found yet.",Expected - recurring scheme; next intake calls likely early 2027.,"Full scholarships for master's degrees with an implementation-research focus at TDR-supported universities in LMICs, including a research project relevant to the scholar's home programme.",TDR Postgraduate Scholarship in Implementation Research (per-university calls),"Monitor tdr.who.int/grants and host university pages (graduate.fk.ugm.ac.id etc.); prepare transcripts, English test scores and employer study-leave letter.",https://tdr.who.int/grants
"Fellowships, training & small grants",World Federation of Neurology grants-in-aid and Junior Travelling Fellowships,World Federation of Neurology,,Next cycle expected,,Medium,,Not stated,Short-term,Dominican Republic; Jamaica; Armenia; India; Thailand; Vietnam; Philippines; Uganda; Zimbabwe; Botswana,Neurologists <10 years post-training from WFN member societies; preference for low/lower-middle-income countries.,Annual; 2026 grants-in-aid announced,Expected - next cycle 2027,"Educational grants-in-aid (education/patient-education projects), Junior Travelling Fellowships to meetings, department visits/observerships.",Small grants; travel fellowships,wfneurology.org grants pages.,https://wfneurology.org/activities/education-grants-and-awards
"Fellowships, training & small grants",ASCO IDEA and ESMO Fellowships (oncology),ASCO / Conquer Cancer; European Society for Medical Oncology,,Check status,,Medium,,Not stated,IDEA: meeting + short visit; ESMO: 1 year or short visits,Dominican Republic; Jamaica; Armenia; India; Thailand; Vietnam; Philippines; Uganda; Zimbabwe; Botswana,Early-career oncologists; ESMO may require membership.,ASCO IDEA historically closes ~30 Sep for the following year (2027 date not confirmed); ESMO calls vary,Uncertain - verify current calls,ASCO IDEA: travel to ASCO Annual Meeting plus mentorship and US cancer-centre visit for early-career oncologists from LMICs (incl. palliative-care track). ESMO: 1-year translational/clinical research fellowships and shorter unit visits.,Travel/mentorship award; research fellowship,asco.smapply.org (IDEA); esmo.org fellowships page.,https://www.asco.org/career-development/grants-awards/funding-opportunities/international-development-education-award
"Fellowships, training & small grants",Aspen Institute New Voices Fellowship,Aspen Institute (Aspen Global Innovators),,Check status,,Medium,,Not stated,~1 year,Dominican Republic; Jamaica; Armenia; India; Thailand; Vietnam; Philippines; Uganda; Zimbabwe; Botswana,Nomination only; record of professional achievement. 187 alumni from 40+ countries.,Not stated,Uncertain - program page now under Aspen Global Innovators; no current call found,"Communications, advocacy and op-ed/media training for development and health experts from Africa, Asia, Latin America & Caribbean.",Nomination-only fellowship,Contact newvoices@aspeninstitute.org to learn about nomination.,https://www.aspenglobalinnovators.org/en/programs/new-voices-fellowship/
"Fellowships, training & small grants",TDR Clinical Research Leadership (CRL) Fellowship,TDR with pharmaceutical companies and product-development partnerships as hosts,,Check status,,Medium,,Fully funded placement - amount not stated,Typically 12 months (varies by host),Dominican Republic; Jamaica; Armenia; India; Thailand; Vietnam; Philippines; Uganda; Zimbabwe; Botswana,LMIC researchers/clinicians involved in clinical trials at an LMIC institution; home institution must commit to re-integration. Exact criteria set per call.,Last call found: 2025-26 (announced mid-2025). No 2026-27 call identified as of Sep 2026.,Uncertain - check tdr.who.int/grants.,"Placement of LMIC researchers in industry/PDP clinical-development teams to gain skills in trial design, conduct, regulatory and GCP, then return to lead trials at home.",CRL fellowship placements,Watch tdr.who.int/grants for the next CRL call; prepare a letter of institutional support and a re-integration plan.,https://tdr.who.int/grants
"Fellowships, training & small grants",OWSD Early Career Fellowship,"Organization for Women in Science for the Developing World (OWSD, UNESCO)",,Paused,,Low,,"Up to USD 50,000",2 years,Uganda; Zimbabwe,Women with PhDs employed in listed STLC countries.,None - no 2025 call; 2026 call not announced,Paused - funding constraints,"Up to USD 50,000 for women STEM PhD holders to lead research at home institutions in science-and-technology-lagging countries.",Research fellowship,owsd.net,https://owsd.net/early-career-fellowship
Humanitarian & implementation,Elrha Humanitarian Innovation Fund (HIF),Elrha,,Next cycle expected,,Medium,yes,Varies by challenge,Varies,Dominican Republic; Jamaica; Armenia; India; Thailand; Vietnam; Philippines; Uganda; Zimbabwe; Botswana,Organisations working in humanitarian response; challenge-specific.,No live calls as of Sep 2026,Closed - no live calls,"Innovation challenges in humanitarian response (e.g., GBV tech, inclusion data, scaling, AI for humanitarians).",Innovation challenge grants,elrha.org funding opportunities and newsletter.,https://www.elrha.org/innovation
Humanitarian & implementation,Elrha R2HC - Research for Health in Humanitarian Crises,"Elrha (funded by FCDO, Wellcome, NIHR and others)",,Next cycle expected,,Medium,,"Varies by call (e.g., up to GBP 100,000 for formative research in past calls)",3 months - 3 years,Dominican Republic; Jamaica; Armenia; India; Thailand; Vietnam; Philippines; Uganda; Zimbabwe; Botswana,Partnership of at least one research institution and one operational humanitarian organisation; setting must be a humanitarian crisis.,No live calls as of Sep 2026,Closed - no live calls; subscribe to newsletter,"Public-health research in humanitarian settings; annual calls, responsive crisis calls, uptake/impact small grants.",Research grants (academic + operational partner required),elrha.org funding opportunities.,https://www.elrha.org/funding-opportunities/r2hc-annual-funding-call
Humanitarian & implementation,Seed Global Health partnership (Uganda),Seed Global Health,,Check status,,Low,,Not applicable,Programme-based,Uganda,Operates with Ministry of Health partners; check country pages.,Not applicable,Uncertain - operating in Uganda amid severe US funding reductions to the country,"Not a grant: partners with governments to train nurses, midwives and doctors (emergency care, maternal/newborn health) - opportunities to join programmes/faculty.",Programme partnership / employment,seedglobalhealth.org,https://seedglobalhealth.org/what-we-do/uganda/
